rank,name,subcategory,status,description,telegram,bot,x,website,launched,peak_mau,verified_since
1,Binance,,active,Binance Official English Group,https://t.me/binance_announcements,,https://x.com/binance,https://www.binance.com,2024-06-21,,2020-06-16
2,Bybit,,active,BYBIT is a trading platform that caters to the needs of all types of traders,https://t.me/bybit_announcements,,https://x.com/Bybit_Official,https://www.bybit.com,2022-12-21,,2023-03-06
3,OKX,,active,"Crypto exchange that posts platform announcements, campaigns and Web3 wallet updates in Telegram.",https://t.me/okxannouncements,,,https://www.okx.com,2026-05-12,,2024-12-01
4,Bitget,,active,Official Bitget English Announcements Channel,https://t.me/bitget_announcements,,https://x.com/bitget,https://www.bitget.com,2021-07-03,,2021-12-07
5,Coinbase,,active,,,,,https://www.coinbase.com,2025-11-18,,
6,Revolut,,active,,,,,https://www.revolut.com,2024-09-13,,
7,HTX,,active,HTX Official English Group,https://t.me/htx_announcements,,https://x.com/TobbotTon,https://www.htx.com,2017-05-13,,
8,KuCoin,,active,Leading global crypto platform built on trust / 40M+ users worldwide,https://t.me/kucoin_news,,https://x.com/KuCoinCom,https://www.kucoin.com,2022-12-20,,
9,MEXC,,active,"Crypto exchange with a website, a downloadable app and community channels for events and chat.",https://t.me/mexcofficialnews,,https://x.com/mexc,https://www.mexc.com,2026-01-02,,
10,bitFlyer,,active,,,,,https://bitflyer.com,2026-09-29,,
11,wallex,,active,Iranian crypto exchange that publishes news and API updates through Telegram channels.,https://t.me/wallexchange,,https://x.com/Wallex_ir,https://wallex.ir,2018-11-27,,
12,اوکی اکسچنج,,active,Persian-language crypto exchange offering trading of more than 700 digital currencies.,https://t.me/okexir,https://t.me/tonairdropfa_bot,https://x.com/okexir,https://ok-ex.io/,2018-04-08,,
13,Bitpin,,active,Iranian crypto exchange with a trading app and a Telegram support bot.,https://t.me/bitpin,,https://x.com/bitpinmarket,https://bitpin.ir/,2022-08-04,,
14,Swapster,,active,"Licensed exchange for storing, swapping and earning crypto, with virtual cards.",https://t.me/swpstr,https://t.me/swapsterbot,https://x.com/swapsterteam,https://swapster.fi,2022-10-13,,
15,Bit2Me,,active,Spanish-language crypto purchase platform with an educational academy about blockchain.,https://t.me/bit2me_es,,https://x.com/Bit2Me,https://www.bit2me.com,2018-08-13,,
16,XCrypto,,active,,https://t.me/xcryptoen,,,,2026-05-25,,
17,StealthEX,,active,This is an official Telegram Account of,https://t.me/stealthex,,https://x.com/StealthEX_io,https://stealthex.io/?ref=y83bSWcwSs,2026-05-06,,
18,Quickex,,active,"Swap $BTC, $ETH, $XMR and other coins at best rate",https://t.me/quickex_en,,https://x.com/QuickEx_Tweets,https://quickex.io/?utm_source=tonapp,2026-04-02,,
19,Exolix Exchange,,active,Cross-chain swap aggregator connecting over 200 blockchains for non-custodial swaps.,https://t.me/exolixcom,,https://x.com/exolix_com,https://exolix.com/,2022-12-23,,
20,SwapSpace,,active,SwapSpace is an instant cryptocurrency exchange aggregator,https://t.me/swapspace,,https://x.com/SwapSpaceCo,https://swapspace.co/,2026-05-08,,
21,xKuCoin,,active,,,https://t.me/xkucoinbot,,,2024-01-13,7080449,2024-11-11
22,FixedFloat,,active,"FixedFloat — Instant, fully automatic cryptocurrency exchange with rates tailored to your needs",https://t.me/fixedfloat,,https://x.com/fixedfloat,https://fixedfloat.com/,2023-04-17,,
23,ChangeHero Bot,,active,A crypto exchange bot with no accounts required,https://t.me/chcryptonews,https://t.me/ChangeHeroBot,https://x.com/Changehero_io,https://changehero.io,2025-10-29,2974,
24,NAGA Everything Trading,,active,Welcome to the NAGA Everything Trading Community!,https://t.me/naga_everything_trading,https://t.me/nagatrading_bot,https://x.com/cedelabs,https://github.com/cedelabs/cede.store,2024-08-13,167866,
25,Bitmit,,active,Persian-language exchange for buying and selling more than 110 popular cryptocurrencies.,https://t.me/bitmit_co,,https://x.com/bitmit_co,https://bitmit.co/price/TON,2020-07-29,,
26,LetsExchange.io,,active,Cryptocurrency exchange with a wide range of cryptocurrencies and networks,https://t.me/letsexchange_io,https://t.me/LetsExchange_official_bot,https://x.com/letsexchange_io,https://letsexchange.io/,2026-02-17,,
27,COYTX,,active,,https://t.me/coytx,https://t.me/coytxcombot,https://x.com/coytxcom,https://coytx.com,2022-10-27,112664,
28,Block Card Future,,active,Block Card is a TMA system inside Telergam with the TON blockchain,https://t.me/blockcard_bc,https://t.me/BlockCardFutureBot,https://x.com/BlockCardTON,,2024-09-10,,
29,CrystalTrade,,active,CrystalTrade Crypto Exchange,https://t.me/crystaltradeorg,https://t.me/crystaltradebot,https://x.com/crystaltradeorg,https://crystal-trade.org/,2024-02-19,,
30,Dex-Trade,,active,,https://t.me/dex_trade,https://t.me/dex_trade_com_bot,https://x.com/dextrade_,https://dex-trade.com/,2020-05-02,,
31,Xgram,,active,Xgram is a service for fast and secure cryptocurrency exchange,https://t.me/xgram_io,https://t.me/xgram_io_bot,https://x.com/xgram_io,https://xgram.io/,2026-01-10,23132,
32,AlwaysMoney Exchange,,active,"Блог про крипту, финансы, саморазвитие",https://t.me/alwaysmoneyorg,,https://x.com/AlwaysMoneyOrg,https://alwaysmoney.org/,2025-06-13,,
33,CoinCraddle,,active,CoinCraddle — crypto exchange without registration,https://t.me/coincraddle_en,https://t.me/coincraddle_change_bot,https://x.com/coincraddle,https://coincraddle.com/,2024-05-14,,
34,TONBANKCARD Exchange,,active,TONBANKCARD – crypto exchange in Telegram,https://t.me/tonbankcard,,https://x.com/tonbankcard,https://exchange.tonbankcard.com,2024-11-19,,
35,Explace,,active,Cryptocurrency exchange listing over 2000 coins with live support and quick swaps.,https://t.me/explaceio,,https://x.com/Explaceio,https://explace.io/,2024-09-26,,
36,Bitstorage,,active,,https://t.me/bitstoragefinancechannel,,https://x.com/BitstorageFin,https://bitstorage.finance/,2026-08-08,,
37,Gate,,active,,,,,https://www.gate.io,2021-10-25,,
38,WhiteBIT,,active,European cryptocurrency exchange publishing news and updates for its users.,https://t.me/whitebit,,https://x.com/WhiteBit,https://whitebit.com,2024-03-14,,2022-04-30
39,HashKey Global,,active,Licensed digital asset exchange announcements channel,https://t.me/hashkeyglobal_announcement,,,,2024-08-03,,
40,BitMart,,active,Cryptocurrency exchange channel with announcements and links to its social accounts.,https://t.me/bitmartexchange_channel,,https://x.com/BitMartExchange,https://bitmart.com,2021-10-12,,
41,KuCoin Russia,,active,Russian news channel of KuCoin exchange,https://t.me/kucoinrussiannews,,https://x.com/KuCoin_Web3,,2021-11-16,,
42,GOPAX,,active,Official channel of the GOPAX crypto exchange,https://t.me/gopaxkr_official,,,,2024-02-15,,
43,Bitrue,,active,Announcements channel of the Bitrue exchange,https://t.me/bitrue_official,,,,2020-05-07,,
44,BingX,,active,Empowering Traders. Elevate your crypto trading game at BingX,https://t.me/bingxofficial,,https://x.com/BingXOfficial,https://bingx.com,2024-07-08,,2022-09-27
45,Bitunix,,active,"Global Crypto Derivatives Exchange. Better Liquidity, Better Trading",https://t.me/bitunixglobal,,https://x.com/BitunixOfficial,https://www.bitunix.com,2024-08-27,,2024-06-01
46,BloFin,,active,"Trade with Next-gen Experience, Profit from Functioning Strategies, and Keep Your Crypto Safe",,,https://x.com/BloFin_Official,https://blofin.com,2024-08-26,,
47,HashKey Exchange,,active,HashKey Exchange is a centralized cryptocurrency exchange established in 2018 and is registered in Hong Kong,,,https://x.com/HashKeyExchange,https://www.hashkey.com,2024-06-20,,
48,LeveX,,active,LeveX is a centralized crypto exchange offering both spot and leveraged futures trading with integrated social trading features and multi-position management tools for traders,https://t.me/levexalerts,,https://x.com/LeveX,https://levex.com/en/assets/proof-of-reserve,2025-11-28,,
49,SwissBorg,,active,Making crypto wealth management accessible to everyone,https://t.me/swissborg,,https://x.com/swissborg,https://swissborg.com,2022-11-18,,
50,WEEX,,active,"WEEX is a global cryptocurrency trading platform founded in 2018, serving users in 150+ countries. It offers spot and futures trading across thousands of pairs, including futures markets with leverage",https://t.me/weexglobal,,https://x.com/WEEX_Official,https://www.weex.com/,2026-01-02,,
51,Nominex Exchange App,,quiet,Nominex - crypto exchange with an internal token NMX distributed via YieldFarming,https://t.me/NominexExchange,https://t.me/nominex_exchange_bot,https://x.com/NominexExchange,https://nominex.io,2018-04-24,116943,
52,90Rich,,quiet,,https://t.me/Channel_90Rich,,,https://web.90rich.com,2025-04-09,,
53,Aliniex,,quiet,Official bot of the Aliniex exchange,,https://t.me/aliniex_bot,,,2025-04-09,,
54,Arkham Exchange,,quiet,Arkham is a centralized cryptocurrency exchange offering both Spot & Perps and is incorporated in the Dominican Republic,,,https://x.com/ArkhamIntel,https://arkm.com/,2024-11-25,,
55,Azbit,,quiet,,,https://t.me/TON_NFT_Market_HYBRA_bot,,https://azbit.com,2023-02,,
56,Biconomy.com,,quiet,,https://t.me/Biconomycom,,https://x.com/BiconomyCom,https://www.biconomy.com/en,2023-01-11,,
57,BIT,,quiet,,,,https://x.com/BITofficial_EN,https://www.bit.com,2023-07-18,,
58,BIT.com,,quiet,Official English community group of the BIT crypto exchange,https://t.me/bitcom_exchange,,,,2022-01-23,,
59,BitcoinVN,,quiet,,https://t.me/bitcoinvn_community,,https://x.com/bitcoinvn_io,https://bitcoinvn.io,2014-03-06,,
60,Bitkub,,quiet,"No.1 licensed bitcoin exchange in Thailand that offers services to individuals who intend to buy, sell cryptocurrency",https://t.me/bitkubofficial,,https://x.com/BitkubOfficial,https://www.bitkub.com/,2024-12-19,,2022-11-12
61,BitMart CIS,,quiet,Official Russian-language community chat of the BitMart exchange,https://t.me/bitmartcis,,,,2023-08-16,,
62,BYDFi,,quiet,,,,,https://www.bydfi.com/,2022-12,,
63,CEDEX,,quiet,cedex.io is a seamless way to exchange crypto Got questions?,https://t.me/cedex_io,,,,2024-07-03,,
64,CoinEx,,quiet,,,,,https://www.coinex.com/,2023-04,,
65,Cryptobotex,,quiet,,,,,,2022-11-30,,
66,DigiFinex,,quiet,,,,,https://www.digifinex.com,2024-01,,
67,Dualcoin,,quiet,,,,,https://dualcoin.io/en,2023-09,,
68,EXMO,,quiet,Официальный Telegram канал криптовалютной платформы EXMO.me,https://t.me/exmome_official,https://t.me/GrinderyAIBot,,https://exmo.me/trade/ton_usdt,2024-10-22,765030,
69,Flipster,,quiet,"Flipster has a wide selection of over 300 perpetual futures listings, including Bitcoin (BTC) and Ethereum (ETH), that can be traded with leverage of up to 100x",https://t.me/flipster_io,,https://x.com/flipster_io,https://flipster.io,2024-05-10,,
70,Gate.io,,quiet,International English chat of the Gate.io exchange,https://t.me/gateio,,,,2021-10-14,,2022-07-07
71,Kraken,,quiet,Official community chat of the Kraken crypto exchange,https://t.me/kraken_exchange_official,,,,2025-12-18,,
72,KuCoin GemSpace,,quiet,KuCoin hub for new listings and promotions,https://t.me/kucoingemspace,,,,2024-09-07,,
73,KuCoin TON,,quiet,Official KuCoin group for TON events,https://t.me/kucointongroup,,,,2022-12-21,,
74,Matrixport,,quiet,,,,,https://www.matrixport.com/,2019-05-22,,
75,NovaDax,,quiet,,https://t.me/livehub_to,,https://x.com/livehub_to,https://www.novadax.com.br/product/orderbook?pair=TON_BRL,2024-12-28,,
76,OKX Explorer,,quiet,,https://t.me/OKXOfficial_English,,https://x.com/okxexplorer,https://www.okx.com/web3/explorer,2024-07-15,,2022-01-19
77,OSL Exchange,,quiet,"OSL Digital Securities is Hong Kong’s first and most established SFC-licensed and insured digital asset exchange. Operating since 2018, the platform provides institutional-grade digital asset services",,,https://x.com/OSL_HK,https://www.osl.com/en,2026-01-13,,
78,Phemex,,quiet,Official chat of the Phemex crypto exchange,https://t.me/phemex_en,,,,2022-10-25,,
79,Websea,,quiet,"Websea provides a comprehensive suite of trading and financial products, including Spot Trading, Futures Trading, Standard Copy Trading",,,https://x.com/webseaofficial,https://www.websea.com/,2022-04-24,,
80,Excoino,,quiet,Persian-language crypto exchange operated by a knowledge-based Iranian company.,https://t.me/excoino,https://t.me/tonbuytechbot,https://x.com/excoino,https://excoino.com,2022-06-29,,
81,ONUS,,quiet,Announcements of ONUS finance app,https://t.me/onus_globalchannel,,,,2021-11-22,,2024-01-29
82,Bitdealer,,quiet,Official Bitdealer news channel,https://t.me/bitdealernews,,,,2025-08-31,,
83,LBank Exchange,,closed,,,,,https://www.lbank.com/trade/ton_usdt/,2024-05-15,,
84,Neocrypto,,closed,,,,,https://neocrypto.net,2023-07,,
