rank,name,status,description,telegram,bot,x,website,launched,peak_mau,verified_since
1,VIRUS GAME,active,,https://t.me/omicron,https://t.me/virus_play_bot,,,2025-01-13,1323706,
2,Epic Gift,active,Epic Gift is a mini-app for earning and invitations,https://t.me/epic_gift_official,https://t.me/epic_gift_bot,,,2025-03-30,368314,
3,Easy Gift,active,Easy Gift is a game where users earn stars and receive gifts,https://t.me/easygiftnews,https://t.me/easygiftdropbot,,,2025-03-17,,
4,Gorilla Case,active,Выиграй NFT-подарки мечты!,https://t.me/gorilla_news,https://t.me/gorillacasebot,https://x.com/gorillacase,https://gorilla.tg,2025-05-03,681489,
5,Rocket Gift,active,"Rocket Gift is a game with ""Mines"", ""Crash"", and ""Fortune Spin"" modes",https://t.me/rocket_gift,https://t.me/rocketxappbot,,,2025-08-30,516997,
6,TopGift,active,,https://t.me/topgiftnews,https://t.me/topgiftrobot,,,2025-05-03,104742,
7,HunnyPlay,active,Official HunnyPlay Telegram Channel,https://t.me/hunnyfinancenews,https://t.me/hunnyplay_bot,https://x.com/HunnyPlay_,https://hunnyplay.io/?utm_source=ton-app&utm_medium=open-app&utm_campaign=profile-hunnyplay-web,2021-07-07,35032,
8,Gifts Battle,active,Gifts Battle is a mini app for opening NFT cases,https://t.me/giftsbattle,https://t.me/giftsbattle_bot,,https://giftsbattle.com,2024-08-04,,
9,@TonPlay,active,"TonPlay — a licensed Telegram casino with bonuses, cashback and daily rewards!",https://t.me/playdeckcommunity,https://t.me/tonplay,,https://tonplay.io,2025-02-27,,
10,Rolls,active,PVP game with Telegram Gifts,https://t.me/rolls_tv,https://t.me/rollsgame_bot,,,2024-07-23,,
11,Mell Gifts,active,Mell Gifts — a mini app for completing tasks and receiving NFTs,https://t.me/mellgifts,https://t.me/mellgifts_bot,,,2023-07-01,159516,
12,StarsCase,active,"A mini-app for opening virtual cases to win Telegram Stars, TON, and NFT gifts",https://t.me/starsik,https://t.me/starscase_robot,,https://starscase.win,2023-02-06,,
13,Lucky Draw Master,active,A tool for running draws with USDT prizes,https://t.me/lucky_draw_master,https://t.me/LuckyDrawMasterBot,,https://www.moboost.xyz/,2024-01-19,1325603,
14,NFTROULETTE,active,"NFTROULETTE is a mini app for spinning cases, playing mini-games, and winning gifts",https://t.me/nftroulettecommunity,https://t.me/dl_roulette_bot,,,2025-05-21,68594,
15,GiftUp,active,,https://t.me/giftup,https://t.me/giftuprobot,,,2025-03-05,283996,
16,Bull Run,active,"Pilot Gift: cases, crash game with multiplier up to x1000, and NFT gift staking",https://t.me/holdbull,https://t.me/bullapp_bot,https://x.com/AppBullRun,https://,2024-03-21,,
17,Bitsler,active,"Bitsler is a leading Bitcoin Casino, Sportsbook, and Esports platform Get 200% Welcome Bonus + 500 Free Spins bit.ly/500CashSpins",https://t.me/bitsler_casino,,https://x.com/Bitsler,,2019-09-27,,
18,Pyramida,active,"Buy tickets, win prizes in TON, and earn from referrals",https://t.me/pyramida_news,https://t.me/pyramida,,https://pyramida.app,2026-07-12,,
19,Chance Bot,active,Chance is a Telegram utility app currently under maintenance,https://t.me/chance_winners,https://t.me/chancetg_bot,https://x.com/chancetg_app,https://app.chance.tg,2024-06-23,19504,
20,Athletix,active,AI bot offering sports predictions and analysis,https://t.me/athletix,https://t.me/athletix_bot,https://x.com/AthletixAi,https://www.athletix.ai,2024-01-12,,
21,SlotCoin,active,,https://t.me/slotcoin,https://t.me/slotcoinapp_bot,https://x.com/slotcoin_news,https://slot.win,2024-08-20,1160734,
22,JetTon Games,active,,https://t.me/jetton,,https://x.com/jettongames,https://jetton.direct/ceKMSyJ1oou?,2026-09-15,,
23,SHULERA,active,,https://t.me/shulera_live,,,,2026-05-10,,
24,Pilot Gifts,active,Case opening and games with Telegram gifts,https://t.me/pilotgift,,,,2024-06-04,,
25,BetFury,active,"BetFury is an established ecosystem with crypto-earning features, iGaming, and Sports betting",https://t.me/betfuryofficialchannel,https://t.me/Betfury_Bot,https://x.com/betfury_gaming,https://betfury.com/?r=tonapp,2024-03-19,,
26,WinGram,active,,,https://t.me/wingram,,,2025-07-24,,
27,Frog Case,active,"Выиграйте NFT-подарки, о которых всегда мечтали!",https://t.me/frogcasenews,https://t.me/frogcasebot,,https://frog.tg,2025-05-03,851220,
28,ChainGame,active,Chain Game is a Web3-powered gaming platform offering a seamless and rewarding experience,https://t.me/chaingameofficial,https://t.me/chain_games_bot,https://x.com/chaingamecrypto,https://chaingame.pro/,2025-03-17,,
29,TON BET,active,Slot and betting games in Telegram paid in TON,https://t.me/gotonbet,,,,2025-06-23,,
30,CS2 Cases & Skins: SHOT,active,Open CS2 cases and snag the best skins! #Cases #CS2 #Skins,https://t.me/cs_shot_1,https://t.me/cs_shot_bot,,,2025-05-03,,
31,Random Gift,active,Try your luck and get a random Telegram gift for a small fee,,https://t.me/randgift_bot,,,2025-02-22,,
32,Tiger Case,active,"Выигрывай NFT-подарки. У нас есть апгрейды, кейсы и многое другое!",https://t.me/tiger_case,https://t.me/tiger_case_bot,,,2025-09-07,,
33,SPINARIUM,active,"12.000+ games from best providers with ~96.6% RTP Fast crypto deposit 20 TOP crypto currencies with 0% commissions 25% Cashback, 10% Rakeback VIP club",https://t.me/spinariumcasino,,https://x.com/spinarium,https://spinarium.cc/daa302d99,2024-01-08,,
34,WEISS.BET,active,Welcome to WEISS.BET: 30 levels of loyalty program Daily and weekly cashbacks up to 40% Own Token WEFT Quick withdrawals Tokenized rakeback and staki,https://t.me/weissbet_official,,https://x.com/WEISSBET,https://weiss.bet/,2023-04-11,,
35,StonksGift,active,"Играйте в Crash, открывайте кейсы и получайте эксклюзивные NFT-подарки!",https://t.me/stonksgift,https://t.me/stonksgiftbot,,,2025-07-24,127062,
36,Chance,active,Games and Stars purchase in Telegram,https://t.me/chance_io,https://t.me/chanceappbot,,,2025-06-24,,
37,StarNex,active,,https://t.me/starnexton,https://t.me/lot_tery_bot,https://x.com/starnexton,,2025-10-25,,
38,Rakebit Casino,active,Rakebit is a crypto casino and sportsbook that was launched in 2024,https://t.me/RakeBit_Channel,,https://x.com/theRakebit,https://rake-tracker.com/d152b6adc,2024-03-15,,
39,WELP » PLAY & WIN,active,Бот для развлекательных игр с участием азартных кубиков от Telegram Проект не подразумевает финансовой прибыли,,https://t.me/welp_casino,,,2026-07-11,,
40,Crashino,active,"Welcome to Crashino Your Premier Licensed Crypto Casino Play 1,000’s of slots, live games, and bet on sports directly from Telegram!",https://t.me/Crashino,,https://x.com/CrashinoPlay,https://www.crashino.com/,2021-10-19,,
41,1GIFT,active,,https://t.me/onegiftofficial,https://t.me/onegiftcasebot,,,2025-10-28,160610,
42,Raidar,active,Bridging the trenches between X and Telegram,https://t.me/raidartrending,https://t.me/raidarrobot,,,2025-01-12,124645,
43,Royal Stars,active,"RoyalStars — a Telegram slots arcade game with tournaments, welcome gifts and rewards!",,https://t.me/royalstarsspinbot,,,2025-12-08,,
44,Easy Spin Gift,active,Открывай кейсы и выигрывай NFT-подарки!,https://t.me/easyspingift_news,https://t.me/easyspingift_bot,,,2026-07-25,,
45,Under Roulette,active,Under Roulette — PVP рулетка и кейсы с лучшим RTP Подарки,,https://t.me/underroulettebot,,,2022-06-21,,
46,JOKR Labs,active,"JOKR offers multiple skill & luck games — Crash, Mines, Roulette, Blackjack and more",https://t.me/JOKRLabs,https://t.me/JokInTheBox_bot,https://x.com/JOKRLabs,https://jokrlabs.io/,2024-08-14,,
47,Talisman Gamble,active,Talisman gambling project channel,https://t.me/talismangamble,,https://x.com/TalismanGamble,,2026-06-09,,
48,BeeGifts,active,,https://t.me/beegiftsnews,https://t.me/beegft_bot,,,2025-09-07,,
49,Case,active,,https://t.me/case_app,https://t.me/case_official_bot,,,2024-12-21,559281,
50,Hell Games,active,"PvP-дуэли, кейсы с NFT-подарками, мины, crash и апгрейд подарков — казино прямо в Telegram",,https://t.me/hell_games_bot,,,2026-09-01,,
51,Gift Box,active,"A game of luck, rewards, and surprises—open the Giftbox, win Telegram gifts and exclusive NFTs",https://t.me/giftbox_official,https://t.me/giftbox_official_bot,,,2024-11-29,1155389,
52,Rampage,active,Rampage — Never in dices. (НЕ ВЫДАЮ НАКИДОВ),,https://t.me/loses,,,2026-04-15,,
53,GIFTSDouble,active,Web Site - GIFTSDouble.com,https://t.me/giftsdouble,https://t.me/giftsdoublerobot,,https://giftsdouble.com,2025-05-03,,
54,Balls,active,"Play Balls, Win Gifts",https://t.me/balls_tv,https://t.me/myballs,,https://myballs.io,2024-07-23,,
55,Pods App,active,"A service where you can guess numbers and receive instant rewards in Telegram Stars, with fairness check of each round, as well as complete round security",https://t.me/podsgames,,,,2025-09-27,,
56,GiftCity,active,GiftCity — a city with NFTs inside Telegram!,https://t.me/GiftCityNews,https://t.me/GiftCityMain,,,2025-10-01,,
57,Slot.win,active,"Slot.win — The Ultimate TON Casino & Crash-Game Hub 5 exclusive fast games: Crash, Dice, Mines, Battle & Platforms",https://t.me/slotcoin,,https://x.com/slotwinx,https://slot.win,2024-08-20,,
58,Disi Casino,active,"Plunge into the world of excitement with Disi Over 6,000 slots and live dealers available Get an introductory bonus +500% to your deposit in our DIC cryptocurre",https://t.me/disi_eng,,,https://disi.bet,2024-07-27,,
59,TonSlot,active,A fast and fun TON slot game bot on Telegram,https://t.me/TonSlotOfficial,https://t.me/TonSlotGameBot,,,2025-09-18,,
60,Lotshot,active,NFT random drop game on TON with TON and USDT rewards,https://t.me/lotshot_official,,,,2025-07-16,,
61,Ninja Blaze,active,Immerse yourself in the exciting world of iGaming with Ninja Blaze!,https://t.me/NinjaBlazeApp,,https://x.com/NinjaBlazeApp,https://blaze.ninja,2023-09-11,,
62,Soshka,active,"You can bet on major sports with crypto: NFL, NBA, NHL, European Soccer, International competitions, Russian Soccer and many more",https://t.me/soshka_channel,https://t.me/BetOnSoshkaBot,https://x.com/betOnSoshka,https://www.soshka.com,2025-11-04,,
63,1win,active,1win official bot. All features in tg: slots&betting + fast payouts! Get $500 bonus+70 FS. Got traffic? DM,https://t.me/tonkeeper_news,https://t.me/casino_1w_bot,https://x.com/tonkeeper,https://tonkeeper.com/,2021-11-22,,
64,Jetbi,quiet,Join Jetbi channel,https://t.me/jetbi,https://t.me/jetbibot,,,2024-08-17,29690,
65,FairGram,quiet,Predict the last digit of blockchain gas and win double!,https://t.me/fairgram_ann,https://t.me/fairgram_game_bot,,https://fairgram.me/,2024-09-27,18307,
66,Bettor Whales,quiet,Start Elevating Your Inner Co-Pilot Trader! Place your bet on Influencers’ tweets and earn the payout!,https://t.me/bettor_whale,https://t.me/whalesbettle_bot,,https://app.olawealth.io,2024-07-31,109727,
67,TruHar Game,quiet,"Vote for Trump or Harris and get a prize. If you guess the real election winner, you’ll get twice as much!",,https://t.me/truharbot,,,2024-08-14,330044,
68,Raffley,quiet,"Raffley is like the party planner of Telegram, where Raffles, Predictions and Community fun collide!",https://t.me/raffleychannel,https://t.me/raffleybot,,,2024-05-25,114703,
69,Jetton lucky spin,quiet,Lucky spin — Free Spin-2-Earn Telegram Game,,https://t.me/jetton_lucky_spin_bot,,,2024-07-23,365199,
70,Clickmiobot,quiet,Gaming platform for competitive matches in popular video games with real-money bets,,https://t.me/clickmio_bot,https://x.com/miomi_game,https://miomi.game/games/?game=kick-mio,2023-05-06,39576,
71,Solexai,quiet,Building The Sentiment Markets Protocol on BASE (by Coinbase),,https://t.me/solex_ai_bot,,,2024-06-17,1378788,
72,Jokecoin,quiet,Spin the reel — catch your luck!,https://t.me/jokecoin_slots,https://t.me/jokecoin_bot,https://x.com/Jokecoin_ton,https://jokeco.in/,2024-06-23,151128,
73,WOW3 Coin Flip,quiet,WOW3 Coin Flip — a coin flip mini-game in Telegram,https://t.me/wow3_official,https://t.me/wow3_bot,https://x.com/WOW3_Official,https://wow3.app/,2024-07-23,35210,
74,Coco Rush,quiet,Coco Rush — a mini app for slot games with bonuses and wheel spins,,https://t.me/cocorush_bot,https://x.com/BONS_social,https://solscan.io/token/BCNT4t3rv5Hva8RnUtJUJLnxzeFAabcYp8CghC1SmWin,2024-07-17,672270,
75,Power TON,quiet,,https://t.me/PowerT0N,,https://x.com/PowerT0N,https://www.powerton.io,2024-11-08,,
76,Duel Duck,quiet,WEB3 prediction platform,,https://t.me/duelduck_bot,https://x.com/duel_duck,,2021-07-20,24649,
77,Coin Flip,quiet,"Earn by doubling coins, inviting friends, winning clan competitions and completing quests",,https://t.me/coinflipgame_bot,,,2024-08-14,,
78,ShamanCoin,quiet,"Spin-to-earn game: spin reels, win SCoins, complete tasks for more mana and rewards!",https://t.me/ShamanCoin_channel,https://t.me/shamancoin_bot,,,2024-06-21,,
79,Markets,quiet,First TON opinion market on Telegram. Test your instincts against real-world and farm Market Coins. By,https://t.me/tonymarketapp,https://t.me/tonymarketsbot,,,2024-12-12,,
80,The BearDrop,quiet,Introducing BearDrop - the exciting new way to earn free AIRDROPS Crystals!,https://t.me/thebeardrop,https://t.me/thebeardropbot,https://x.com/thebeardrop,,2024-07-15,1070,
81,1.GAME,quiet,1.game is an innovative blockchain gaming platform that offers players a diverse range of games while integrating the characteristics of blockchain technology a,https://t.me/onegamenotice,,,https://1.game/,2024-10,,
82,@WheelOfWhalesBot,quiet,Welcome to Wheel of Whales!,,,,https://whale.io/?start=tonapp-review,2015-06-03,,
83,Alchemist Game,quiet,Casino-style game bot,,https://t.me/alchemist_casino_bot,,,2025-04-14,,
84,Apex Loot,quiet,,https://t.me/apex_lootbag,https://t.me/apexloot_bot,,,2026-04-18,,
85,BC.GAME,quiet,BC.GAME – Your ultimate crypto casino!,https://t.me/bcgamewin,,https://x.com/bcgame,https://bc.game/,2024-09,,
86,Betrunner,quiet,"Licensed crypto Casino and Sportsbook, accessible via Telegram Mini App and Web",https://t.me/betrunnerofficial,,https://x.com/betrunnercom,https://www.betrunner.com,2024-10,,
87,Bingo Universe,quiet,New gaming platform and the first marketplace for crypto payments,,https://t.me/bingo_universe_bot,,,2024-11-05,,
88,Bitsler.com Casino,quiet,"Established in 2015, Bitsler is a top destination for crypto gambling fans looking for a high-quality casino and sportsbook experience",,,https://x.com/Bitsler,https://www.bitsler.com/?c=8tg5g3mj2wa77sgz,2022-12,,
89,BIX Games,quiet,BIX Games Notification Channel,https://t.me/bixgames_noti,https://t.me/ninebixbot,,https://9bix.com,2024-05,,
90,Bons Casino,quiet,Get ready to hit the reels and chase the big wins with the Bons Casino Telegram Bot!,,,https://x.com/BONS_social,https://bons.io,2024-02,,
91,Busto Games,quiet,Gift game bot on Telegram,,https://t.me/bustagift_xbot,,,2025-08-08,350239,
92,Casino.tg,quiet,Welcome to Casino.TG Your Premier Crypto Casino Experience!,https://t.me/CasinoTGCommunity,,,,2025-01,,
93,Chance Lottery,quiet,No-loss on-chain lottery on TON,,https://t.me/chance_lottery_bot,,,2024-06-20,,
94,Classic Multiplayer,quiet,TON Classic is a gambling project with nice multiplayer game,,,,https://classic.ton-game.com,2023-02,,
95,CSGOPositive,quiet,Web: CSGOPositive.xyz/tg Telegram: t.me/csgopositive,https://t.me/csgopositive,https://t.me/positive_bet_bot,,,2024-08-10,,
96,Darilo,quiet,Bot to open Telegram gift cases,,https://t.me/darilo_robot,,,2026-03-26,,
97,DARK-ROULETTE,quiet,Roulette is one of the $DARK token applications,https://t.me/nftroulette,https://t.me/dl_roulette_bot,https://x.com/darkcoinmeme,https://nftroulette.org,2025-09-19,68594,
98,Dice Roll Ton,quiet,Try your luck by betting on dice rolls and claim the prize pool from other players!,https://t.me/luckybotgame,,,,2024-08,,
99,Drops,quiet,Your legal dopamine supplier,,https://t.me/drops_pot_bot,,,2026-07-15,,
100,DUROV Bet,quiet,,https://t.me/durov_betx,https://t.me/durov_betbot,,,2026-07-20,,
101,F8,quiet,"Betting market app for weather, crypto and sports in Telegram",,https://t.me/f8marketbot,,,2026-02-12,,
102,Fact Market App,quiet,Fact Market — prediction markets for Telegram communities,,https://t.me/factmarket_bot,,,2026-07-07,,
103,Fanzee Battles,quiet,Prediction market inside Telegram,https://t.me/fanzeebattles,https://t.me/battlescryptobot,,,2024-12-28,,
104,FlopTurn,quiet,"FlopTurn brings you a fast and easy poker experience, perfect for beginners!",https://t.me/chainpokerofficial,,https://x.com/ChainPokerio,,2024-09,,
105,Flow Prediction,quiet,Flow — маркет прогнозов на TON внутри Telegram,,https://t.me/FlowOfMarketBot,,,2025-10,,
106,Gift Club,quiet,Gift Club is a Web3 reward game where every action can unlock prizes,,https://t.me/YourGiftClubBot,,,2025-12,,
107,GIFT Jackpot,quiet,Web3 jackpot game with gifts,,https://t.me/giftjackpotbot,,,2025-04-01,,
108,Gift Spinner,quiet,Case-opening mini app with Telegram gifts,,https://t.me/giftspinnerbot,,,2025-06-05,,
109,GIFTOR,quiet,Gift case opening game on Telegram,,https://t.me/onecase_play_bot,,,2025-08-21,173570,
110,Gifts Drop,quiet,,https://t.me/giftdropchannel,https://t.me/giftdroptg_bot,,,2026-02-07,,
111,Gifts of Chicken,quiet,"Sweepstake game funded with gifts, paying Stars",,https://t.me/giftsofchicken_bot,,,2025-12-01,,
112,Gifts.Fun,quiet,Box opening to win Telegram gifts,,https://t.me/grab_giftsbot,,,2025-10-04,172020,
113,GiftShark,quiet,Open cases with NFT gifts and upgrade them,,https://t.me/giftshark_bot,,,2025-10-10,22140,
114,GiftTop,quiet,Try your luck by opening the gift boxes. Gift,https://t.me/gifttop_ru,https://t.me/majesticgamebot,,,2025-04-06,,
115,GMGN Bet,quiet,,https://t.me/gmgnbet,https://t.me/gmgnbet_bot,,,2025-07-24,,
116,GoGift,quiet,"GoGift — a mini app for opening cases with NFT gifts, playing Crash and PvP battles",https://t.me/GoGift_announcements,https://t.me/GoGift_official_bot,,,2025-05-07,,
117,GPTSlots,quiet,Automated casino play bot,,https://t.me/slotsgpt_bot,,,2026-03-03,,
118,GramPredict,quiet,Telegram-native prediction market on TON,,https://t.me/openclaw_tonbot,,,2026-03-13,651967,
119,Grams.bet,quiet,Discover the world of Grams.bet Bot : Explore 5000+ official games Play with crypto and fiat currencies EUR/BRZ/INR/RUS/KZT/UZB/AZT/ Enjoy simple with,https://t.me/gramsbet_eng,https://t.me/Gramss_bot,,https://grams.bet/?tab=casino#signup,2023-09-04,15383,
120,Grand Casino TON,quiet,Ton Guys Grand casino bot!,,https://t.me/tg_grand_casino_bot,,,2023-08-21,,
121,GreenOrRed,quiet,,https://t.me/web3_ton_game,https://t.me/ton_lucky_game_bot,,https://b3t.site/,2024-07-28,,
122,Grid Lottery,quiet,Grid Lottery is a fast-paced multiplayer Web3 game on The Open Network (TON)!,,https://t.me/GridLottery_bot,,,2026-05,,
123,HOG RUSH,quiet,Hog Rush is a Telegram MiniApp by Hedgehog Protocol that lets users predict Ethereum’s base fee and earn HOG Points,,https://t.me/hedgehogapp_bot,https://x.com/TheHedgehog_io,https://thehedgehog.io/,2025-08,,
124,HustleGiftGame,quiet,Slot game winning NFT gifts,https://t.me/hustlegamechat,,,,2025-10-04,,
125,Jackpot Gram,quiet,Jackpot smart contract on jetton $GRAM,,https://t.me/jackpot_gram_bot,,https://,2024-03,,
126,Jetton Games Certain clever lobster energy capital buddy,quiet,,,https://t.me/slot_imiqj_bot,,,2026-08-24,,
127,JuicyBet,quiet,JuicyBet is an innovative GambleFi Ecosystem Decentralized Project,https://t.me/YourJuicyBets,,https://x.com/YourJuicyBets,https://juicybet.net/,2024-06,,
128,Juster,quiet,Demo bot for the Juster prediction app,,https://t.me/juster_io_demo_dev_bot,,,2024-12-20,,
129,KingBet,quiet,Betting game in Telegram,,https://t.me/kbwin_bot,,,2026-06-03,,
130,Kingston,quiet,KingsTON brings the authentic excitement of a real casino straight to your Telegram app,https://t.me/kingston_channel,https://t.me/kingston9_bot,https://x.com/KingsTON_Hub,https://kingston.tongram.app/,2024-09,,
131,Lime Bar,quiet,"Lime is a fast, provably-fair crypto casino built for TON",,,https://x.com/LimeDotBar,https://lime.bar,2026-04,,
132,LLL Lossless Lottery,quiet,"LLL pre-launch game lets users earn chips, spin, and compete on the leaderboard before the official launch",https://t.me/lll_space,https://t.me/lll_space_bot,https://x.com/lll_space_en,https://lll.space,2025-09,,
133,LootMeme,quiet,Open boxes to win Telegram gifts and NFTs,,https://t.me/lootmeme_bot,,,2025-05-25,,
134,Loots,quiet,PvP roulette with Telegram gifts,,https://t.me/lootsplaybot,,,2025-08-13,,
135,Lootsy,quiet,Lootbox game bot in Telegram,,https://t.me/loootsybot,,,2026-01-21,,
136,Lootyfi,quiet,"Welcome to Lootyfi, where the boundaries of gaming and earning merge seamlessly",https://t.me/lootyfi_news,,,,2024-09,,
137,Lotshot,quiet,Instant USDT drop game,,https://t.me/lotshot_bot,,,2025-07-16,,
138,Lotshot,quiet,On-chain random drop game on TON,,https://t.me/lotshot_ton_bot,,,2025-07-17,,
139,Lotteton,quiet,Crypto-NFT lottery on TON with different game modes,,,,https://lotteton.io/,2024-01,,
140,Lucky Knight,quiet,Lucky Knight is a game where you realize that luck is a skill,https://t.me/LuckyKnight_channel,https://t.me/LuckyKnightBot,,https://luckyknight.fun/,2025-11,,
141,LUX Poker,quiet,LUX Poker — честная игровая платформа внутри Telegram,https://t.me/lux_poker,https://t.me/luxtpokerbot,,,2026-07-18,,
142,MetaDice,quiet,Dice games on Telegram,,https://t.me/m5_dicebot,,,2024-12-27,,
143,Mines Ton AI Helper,quiet,"MINES TON — open cells on the minefield and look for multipliers, but beware of mines",,https://t.me/MinesTonAiHelperBot,,,2025-09,,
144,Mines Ton Giveaways,quiet,"MINES TON — open cells on the minefield and look for multipliers, but beware of mines",https://t.me/mines_ton,https://t.me/mines_predictior_bot,https://x.com/mines_ton,,2025-09,,
145,MINUTKA,quiet,Chase the Time on TON!,https://t.me/tonminute,https://t.me/tonminute_bot,,https://tonminute.app/,2024-09,,
146,Mono Casino,quiet,Welcome to Mono Casino – where the best instant win games are now just a tap away on Telegram!,https://t.me/mono_casino,,,https://mono.casino,2024-10,,
147,MyDuels,quiet,Duels game with bank and channel,,https://t.me/myduelsbot,,,2026-07-27,,
148,NECASINO,quiet,,,,https://x.com/ne_casino,https://necasino88.com,2024-11-08,,
149,openmarket.bet,quiet,Openmarket.bet is a decentralized prediction market where users can create custom predictions and bet on them within a liquid market,https://t.me/openmarketbet,https://t.me/openmarketbet_bot,https://x.com/openmarketbet,https://openmarket.bet/,2024-11-26,,
150,Panda loto,quiet,Official Panda Loto bot,,https://t.me/pandalotterybot,https://x.com/loto_panda,,2023-09-25,,
151,Pepe Wheel,quiet,,,https://t.me/pepewheel_bot,,,2026-01-16,,
152,PepeCase,quiet,Case opening for Telegram gifts,,https://t.me/pepecase_bot,,,2025-06-14,,
153,Pilot Gift,quiet,Gift case opening and crash games,,https://t.me/pilotka,,,2025-11-26,,
154,Plane.gift,quiet,Dive into Plane.gift — the ultimate NFT Case platform powered by a transparent Provably Fair algorithm,https://t.me/planegiftNews,https://t.me/planegift_bot,https://x.com/planegift,https://plane.gift/,2025-11,,
155,Playgram,quiet,,,,https://x.com/Playgram_io,,2024-03-06,,
156,Playgram Casino,quiet,Playgram brings you the ultimate Telegram casino experience!,,,https://x.com/Playgram_io,https://playgram.io,2024-03-06,,
157,Poker 1337,quiet,,,https://t.me/poker1337bot,,,2025,,
158,PokerFun,quiet,"PokerFun brings the thrill of classic card games like Texas Hold'em, Yummy, and Truco straight to your Telegram chats",,https://t.me/Pokerfunbot,,,2024-09,,
159,PolyTon,quiet,Prediction market on Telegram,,https://t.me/polyton_robot,,,2026-01-14,,
160,Prophecy Pulse,quiet,,,https://t.me/prophecypulse_bot,https://x.com/ProphecyPulse,,2024-09-27,,
161,Pulse Market,quiet,"Pulse is built to offer a fully decentralized gaming experience on the TON blockchain, with all outcomes driven by smart contracts",,https://t.me/Pulse_gamebot,,,2024-09,,
162,Qubbi,quiet,Experience a fast and exciting dice game where every roll matters,https://t.me/QubbiOfficialBot,,,https://qubbi.gemstar.io/,2026-01,,
163,Qzino,quiet,iGaming app on Telegram,,https://t.me/qzino_official_bot,,,2025-07-16,,
164,RALPH GAMES,quiet,Выиграй нфт-подарок о котором ты мечтал,https://t.me/ralph_channel,https://t.me/ralphgames_bot,,,2026-07-12,,
165,Random NFT,quiet,Dice and NFT gifts platform,,https://t.me/randnft_bot,,,2025-07-14,,
166,Random.tg,quiet,RANDOM is a decentralized lottery with cashback and double winnings,https://t.me/randomtg,,,https://random.tg,2024-05,,
167,Rocket Case,quiet,Try your luck and win collectible Telegram Gifts right now!,https://t.me/RocketCaseNews,https://t.me/RocketCaseBot,,,2026-01-10,179858,
168,Royal Case,quiet,Сокровища короны у тебя в руках!,https://t.me/royal_cases,https://t.me/royal_case_bot,,,2026-07-21,,
169,Russian Roulette,quiet,"A new generation of online Russian Roulette where victory depends not only on risk, but also on your memory, logic, and strategy",https://t.me/ruroll_official,https://t.me/ru_roll_bot,,https://ruroll.com,2026-04,,
170,Russian Roullete,quiet,"A new generation of online Russian Roulette where victory depends not only on risk, but also on your memory, logic, and strategy",https://t.me/ruroll_official,https://t.me/ru_roll_bot,,https://ruroll.com,2026-04,,
171,SCROLL.BET,quiet,"With over 6,000 casino games and a wide range of sports betting options , including both pre-match and live events, Scroll.Bet is a Telegram Crypto License",https://t.me/ScrollBetCassino,https://t.me/scrollbetbot,https://x.com/Scroll_Bet,https://www.scroll.bet,2024-10-17,,
172,Spend-A-TON,quiet,"You have a mission to free a developer, unchain him, and let him create beautiful things in this world",,https://t.me/spendaton_bot,https://x.com/zjor,,2023-09-21,,
173,Spica,quiet,"Spica Lottery is a unique event powered by fully transparent smart contracts, ensuring a completely fair experience",,,https://x.com/spicafund,https://spica.fund,2024-07,,
174,Spica Chance,quiet,Spin & Win with Spica!,,,https://x.com/spicafund,,2024-09,,
175,SpinArena,quiet,A free gaming platform with tournaments and challenges!,https://t.me/spinarenaofficial,,,https://web.topslotsarena.com,2024-10,,
176,Spinly,quiet,Gaming bot with deposits,,https://t.me/spinlygamebot,,,2026-03-23,,
177,StarCase,quiet,Case opening bot for Telegram gifts,,https://t.me/casesstarbot,,,2025-04-18,111013,
178,Stars Games,quiet,Bot with mini-games played in Telegram Stars,,https://t.me/starsgamblingbot,,,2025-06-03,,
179,TGCasino,quiet,,https://t.me/tg_casinocommunity,,https://x.com/TGCasino_,https://www.tg.casino,2023-09-20,,
180,TGP,quiet,Crypto casino and betting on Telegram,,https://t.me/mostbetfinance_bot,,,,,
181,TGPoker,quiet,"Experience secure, decentralized Texas Hold'em poker with anonymous gameplay and blockchain transparency",,https://t.me/TGPokerOfficialBot,https://x.com/TGPokerOfficial,https://www.tgpoker.win/,2024-10-14,202683,
182,ThePredictorX,quiet,"ThePredictorX - Web3 Prediction dApp ThePredictorX is an innovative prediction game platform running on Telegram, powered by TON blockchain technology",,,https://x.com/thepredictorapp,https://thepredictorx.app/,2025-11,,
183,Thumba,quiet,"Thumba is a user-friendly prediction platform and fantasy sports service that offers highly accurate forecasts in sports, politics, and global markets",https://t.me/thumbaannouncement,https://t.me/ThumbaGameBot,https://x.com/Thumba_official,https://thumba.games/,2024-09,,
184,Thunderpick,quiet,"Thunderpick’s official crypto gaming bot. Esports, sports & games all here to play in Telegram",,https://t.me/thunderpickgamebot,,,2026-07-07,,
185,TON Crypto Games,quiet,,https://t.me/tonslotgames,https://t.me/tonslotgames_bot,,,2024-07-15,,
186,Ton Double,quiet,Ton Double is a smart contract that allows users to play Double or Nothing with their $TON tokens,,,,https://tondouble.xyz,2023-06,,
187,TON Lottery,quiet,Decentralized games on the blockchain TON,https://t.me/tonproject_bot,https://t.me/LotteryTonBot,https://x.com/tonlotteryapp,https://lot-ton.com/,2023-12-02,,
188,Ton Stars Game,quiet,Players chat of TonStarsGame bot,https://t.me/tsgplayer,https://t.me/tonstarsgamebot,,,2026-01-07,,
189,TON Sweeper,quiet,"Classic Minesweeper-style gambling on the TON blockchain — reveal cells, build your multiplier, cash out",,https://t.me/tonswee_bot,,https://ton-sweeper-mini-app.online/,2026-01,,
190,Ton Vegas,quiet,"With our affiliate program, you also earn 5% of every jackpot won by people who join the game through your referral link!",,,https://x.com/TonStars_,,2025-01-09,,
191,TONbet Sportsbook,quiet,TONbet Sportsbook Bot is a community bankrolled sportsbook in a Telegram bot,,,,https://tonbet.bet,2023-06,,
192,TonCasino,quiet,Top 1 casino for TON network,,,,https://toncasino.io/,2024-01,,
193,Toncast,quiet,Toncast is a Telegram Mini App prediction market where you bet TON on whether Telegram gift prices will rise or fall,,,https://x.com/toncastapp,,2025-11,,
194,Tonomy,quiet,First decentralized prediction market on TON. Under development,https://t.me/tonomynews,https://t.me/tonomypredictbot,,,2025-05-06,809528,
195,TonTogether,quiet,,,,https://x.com/TogetherTON,,2023-12-25,,
196,Tonzo,quiet,Scratch cards and lotteries on TON,,https://t.me/tonzo_bot,,,2025-09-10,81966,
197,TRiX PvP Roulette,quiet,"PvP roulette on GRAM, Stars and NFTs",,https://t.me/trix_not_bot,,,2026-05-06,,
198,TWIF_choice,quiet,TWIF Choice is a mini-app of for placing bets on the outcome of various events on the TON blockchain,https://t.me/Trump_Wif_Coin,https://t.me/TWIFchoice_bot,https://x.com/TrumpWifCoin,https://trumpwifcoin.pro/,2024-04-26,,
199,UNLK Casino,quiet,"UNLK is an independent crypto casino built on TON, delivered as a Telegram mini app",https://t.me/UNLKCasino,https://t.me/UNLKCasinoBot,,https://unlk.gg,2026-05,,
200,VORTEX,quiet,,https://t.me/vortex_crash,https://t.me/vortex_robot,,,2026-04-20,,
201,Wagmi 11,quiet,First Decentralised Prediction Platform on TON Blockchain,https://t.me/wagmi11,,https://x.com/wagmi_11,,2022-06-30,,
202,Whale,quiet,,,,https://x.com/whalegames_en,https://offers.whalegames.gg/?offer=8&uid=019ac51d-d569-7d28-bbb7-1a5f9dd5e338,2024-09-11,,
203,Whale.io,quiet,Whale.io - Online Casino & Sportsbook!,https://t.me/whalememes,,,,2026-06-16,,
204,Wheel of Fate,quiet,,https://t.me/wheeloffate_official,https://t.me/wheeloffateofficial_bot,https://x.com/_WheelofFate,,2024-04-26,,
205,White Sands Poker,quiet,"White Sands Poker is a Telegram-based crypto poker platform built on the TON blockchain, offering instant cash games, private tables with full host control, and",,https://t.me/WhiteSandsPokerBot,https://x.com/WhiteSandsPoker,,2026-01,,
206,WillBet/crypto casino,quiet,"Most Popular games, Sports, and more Join - Play Responsibly also",,https://t.me/willbetcom_bot,,,,,
207,WinGift,quiet,Gift winning game bot,,https://t.me/wingift_official_bot,,,2025-11-20,25173,
208,WINGRAM TONPLAY LUCKYBEAR БОНУС ФРИБЕТ CASINO 1WIN X MELLSTROY,quiet,#CATBET #BETON #JETTON #BETKING #PARIK24 #BCGAME #STAKE #DUELBET #BONUS #FREEBET #КАЗИК #ПАРИК,,https://t.me/ton_events_robot,,,2026-07-28,,
209,YAYTSOGRAM FLIP,quiet,Telegram mini app game,,https://t.me/yaytsogramflip_bot,,,2024-11-26,,
210,Ton Fomo,quiet,TON Fomo is simple and a little ruthless,https://t.me/TonFomoGame,https://t.me/TonFomoGameBot,,https://tonfomo.fun/,2025-12-04,,
211,JackDaw Flip,quiet,,https://t.me/JackdawFlip,https://t.me/JackdawFlipbot,https://x.com/JackdawFlipGame,https://jackdawflip.io,2024-09-22,313103,
212,KATON,quiet,"katon game is a lightweight gambling platform focusing on entertainment and casual games, focusing on relaxed entertainment",https://t.me/katon_game,,https://x.com/katon_games,https://www.katon.ai,2024-10-18,,
213,Lucky Matrix Game,quiet,"Official Channel of ""Lucky Matrix"" Game. For support please contact",https://t.me/Lucky_matrix_official,https://t.me/Lucky_Matrix_bot,https://x.com/LuckyMatrixGame,,2024-11-10,,
214,TONKING Network,quiet,"A secret social, gaming and entertainment network connected by Telegram Wallets, powered by TONKING token",https://t.me/tonkcommunity,https://t.me/TONKREFERBOT,https://x.com/TheTonkToken,https://,2023-12-16,,
215,Mines Ton,quiet,Mines Ton - This is an exciting crypto game that combines thrill and strategy,https://t.me/mines_ton,https://t.me/Mines_Crypto_Bot,https://x.com/mines_ton,https://mines-ton.com/,2024-07-19,,
216,TON WINNER,quiet,Ton Winner — Test Your Luck in Our Sinful City!,https://t.me/tonwinner_official,https://t.me/ton_winners_bot,https://x.com/ton_winner,https://tonwinner.money.com.ru,2022-11-26,,
217,OhPlay,quiet,""" OhPlay is at the forefront of the GambleFi 3.0 revolution, providing a cutting-edge gaming platform that combines the excitement of traditional casino games w",https://t.me/Ohplayofficialchannel,,https://x.com/OhplayOfficial,https://ohplay.club/,2022-04-19,,
218,GangsterGames Pick3,quiet,"""Mobsters Choice-Pick 3"" is a custom Telegram App allowing users to Click-2-Earn without leaving telegram",https://t.me/gangstergamesio,https://t.me/gangster_games_pick3_bot,https://x.com/GangsterGamesio,https://gangstergames.io/,2023-08-29,,
219,VPBET,quiet,VPBet is a premier crypto casino and sportsbook offering a top-tier gaming experience,https://t.me/vpbet_official,,https://x.com/vpbetofficial,https://vpbet.com,2024-09,,
220,MAGIC88,quiet,Magic88 – Your Ultimate Crypto Casino Experience!,https://t.me/magic88official,,,https://magic88.win/,2024-12-21,,
221,Ultimate Poker,quiet,"Built for true poker lovers by a team of enthusiasts, Ultimate Poker combines the thrill of the game with the power of TON blockchain technology",https://t.me/ultimatepoker_io,,https://x.com/ultimatepokerio,https://ultimatepoker.io/,2024-06-04,,
222,YezBet,quiet,An all-in-one next-gen telegram Web3 platform catering to betting on sports in real-time,https://t.me/yezbet,,https://x.com/yezbet,https://yez.bet,2024-06-26,,
223,CARDIFY,quiet,#1 Official Telegram Casino 3000+ slots and live-tables Only licensed games Average RTP = 96.5% Instant deposits and withdrawals Welcome bonus up to,https://t.me/cardify_en,,https://x.com/cardify_ton,https://playcardify.com/d8f47f12f,2022-07-29,,
224,Mega.bet,quiet,Mega.bet – Crypto Games & Sports Betting !,https://t.me/megabeteng,,https://x.com/megabetcasino,https://mega.bet/casino#signup,2024-08-15,,
225,Ton Texas CowBoy,quiet,Try New and Exciting Texas Holdem Casual Game!!,https://t.me/Ton_TexasCowboy,,,,2024-10-22,,
226,AlanoGames,quiet,"AlanoGames is a decentralized Web3 gaming project that builds a collection of fair and random casino games on the TON blockchain, with the entire ecosystem gove",https://t.me/AlanoGames_Channel,https://t.me/AlanoGames_Bot,https://x.com/AlanoGames,https://www.alano.games/,2024-08-01,,
227,LOTSY,quiet,"Welcome to LOTSY We are building a Blockchain Lottery Syndicate integrated with the world's TOP lotteries At the same time, LOTSY is a powerful community fo",https://t.me/lotsy_community,https://t.me/LOTSY_bot,https://x.com/lotsyteam,https://lotsy.xyz/,2024-09-13,,
228,ULURU BET,quiet,Join ULURU BET a web3 #Gamblefi Casino & Sportbook App!,https://t.me/ulurubet,,,https://ulurubet.com,2025-04-11,,
229,Slot Game,quiet,,https://t.me/slotgame_ton,,https://x.com/slotgame_ton,https://slotgame.buzz,2025-04-09,,
230,Fortune Boss,quiet,Welcome to Fortune Boss - Your Casino Empire Awaits!,https://t.me/fortune_boss,https://t.me/fortune_boss_game_bot,,,2024-09-14,,
231,Cyberpunk R,quiet,Fairness Play Airdrops Drand on chain Invite high rate Commissions Rakeback high Strong Marketing Player owned Join us to make it huuuuge！,https://t.me/cyberpunkrchannel,https://t.me/cyberpunkrbot,https://x.com/Cyberpunk_R,https://Cyberpunkr.io,2024-05-09,,
232,TON Lucky,quiet,Join Fair Web3 Lottery on Telegram!,https://t.me/ton_lucky_channel,https://t.me/lucky_tonbot,,,2024-11-26,,
233,TONJiggle,quiet,TON Dont Jiggle Jiggle it Folds,https://t.me/tonjiggle,,https://x.com/TonJiggle,https://tonjiggle.com/,2024-03-31,,
234,Skellybets,quiet,SkellyBets is where the magic happens!,https://t.me/SkellybetsChannel,,https://x.com/SkellyVerse,https://skellybets.com/,2024-10-03,,
235,TON Bingo,quiet,The funniest lottery project on TON!,https://t.me/ton_bingo,https://t.me/tonbingo_bot,,https://tonbingo.app,2022-05-01,,
236,Megadice,quiet,Full Web3.0 Megadice game on the TON blockchain!,https://t.me/megadiceton,,,https://games.paraliq.com/ton/megadice/,2024-11-01,,
237,AlpaTON,quiet,,https://t.me/alpaton_channel,,,https://alpaton.bid,2024-10-26,,
238,B3t Dice,quiet,,https://t.me/b3t_channel,https://t.me/b3tdicebot,https://x.com/bit3rn_bot,https://b3t.site/,2024-07-07,,
239,Tonbet App,quiet,Tonbet – a betting bot for cryptocurrency tokens,https://t.me/tonbetapp,https://t.me/tonbetapp_bot,https://x.com/tonbetapp,https://tonbetapp.com,2023-02-12,,
240,Jackpot.ton,quiet,Jackpot.ton - a place for transparent gambling,https://t.me/jackpot_ton,https://t.me/jackpot_ton_bot,,https://jackpot-ton.com,2023-12-16,,
241,OwlGames,quiet,Welcome to OwlGames Announcement Channel!,https://t.me/owlgames_announcement,https://t.me/owlgamesbot,https://x.com/OWLDAOio,https://owl.games,2023-07-27,,
242,BitcoinJet Game bot,closed,Добывайте BTCjet в игровом боте!,,,,https://bitcoinjet.ru,2024-03,,
243,Capton Play,closed,,,,,,2024-07-29,,
244,Sportsbet,closed,,,,,https://tonshaker.com/,2024-11-21,,
245,TON Fruits,closed,TON Fruits - is the open-source TON smart-contract based slot machine game,,,,https://ton-fruits.shop/game?utm_campaign=tonapp,2023-05,,
246,TonDice,closed,Exciting application designed to enrich players through the implementation of their own strategies or the opportunity to build their own network for earning,,,,https://tondice.io,2024-03,,
247,Predicton,closed,,https://t.me/predicton_news,https://t.me/predicton_tbot,https://x.com/predicton_tbot,https://predicton.live,2025-07-27,,
