rank,name,telegram,language,theme,subscribers,posts_q3,views_q3
1,Pavel Durov,https://t.me/durov,ru,Authors and blogs,10572465,18,80280000
2,crypto_okop,https://t.me/crypto_okop,ru,Authors and blogs,141528,947,8824187
3,TONka→GRAM.smska,https://t.me/smska,ru,Trading and signals,468000,90,7610500
4,BALENCIAGA,https://t.me/groza,ru,Authors and blogs,577297,109,5925799
5,Типичный Инвестор,https://t.me/eduardinvest,ru,Investing and analytics,1340973,844,5752270
6,YO vs Smash,https://t.me/yovssmash,ru,Trading and signals,27391,664,4865134
7,bape,https://t.me/bape,ru,Gifts and NFT,869000,154,4377700
8,BOROV_TUT,https://t.me/borov_club,ru,Gifts and NFT,92500,215,4125550
9,TON AirDrop (RU),https://t.me/tonairdrop_ru,ru,Airdrops and farming,1111885,395,3692735
10,Adele Toberg,https://t.me/adele_toberg,ru,Authors and blogs,6253,776,3558495
11,Дайте TON!,https://t.me/givemetonru,ru,Investing and analytics,,1193,3547381
12,I’m Pepe,https://t.me/pepe_vlog,ru,Gifts and NFT,943000,70,3179001
13,SAGE AIRDROPS [ Crypto ],https://t.me/sageairdrops,en,Airdrops and farming,43900,406,3110086
14,ПУШИСТЫЙ ИНВЕСТОР,https://t.me/fluffy_investor,ru,Investing and analytics,396000,279,3080959
15,Крипта Скруджа,https://t.me/crypta,ru,News and media,551000,381,2854927
16,На стояНке,https://t.me/getsendgifts,ru,Gifts and NFT,41900,295,2720788
17,PAPA CULT,https://t.me/papa666cult,en,Authors and blogs,863000,85,2355600
18,Gift News,https://t.me/gift_newstg,ru,Gifts and NFT,52100,181,2298420
19,Ladesov Crypto,https://t.me/eeusd,ru,Authors and blogs,1127008,399,2267788
20,Крипто Дядя,https://t.me/dadyacrypto,ru,Gifts and NFT,231000,127,2245530
21,Гои Дурова,https://t.me/durovgoyda,ru,Authors and blogs,299000,119,2231120
22,Free Earnings,https://t.me/aird555,en,Airdrops and farming,106000,782,2173255
23,Мысли Семенчука,https://t.me/semenchuk,ru,Authors and blogs,1219729,1175,2172689
24,300 Криптанцев,https://t.me/cryptanci,ru,Authors and blogs,81100,215,1966400
25,igga,https://t.me/nigga1z,en,Authors and blogs,63700,354,1900208
26,Da Exfin Block via ops BTC — крипто канал.,https://t.me/cryptofromeuropa,ru,Authors and blogs,46000,266,1857119
27,MrKiaTeam | Candoo Trade | آموزش ترید از زیر صفر,https://t.me/candootrade,fa,Trading and signals,43800,577,1802793
28,Catapult Extreme,https://t.me/catapult_extreme,en,Airdrops and farming,8295896,22,1760800
29,BELITON - Teleprem | Top up stars | Telestars | Confess Gift,https://t.me/beliton_channel,en,Gifts and NFT,157000,106,1754590
30,Стенка,https://t.me/stenka,ru,Authors and blogs,20762,350,1703817
31,Kedai Gift,https://t.me/kedaigift,id,Gifts and NFT,21400,1145,1700031
32,бензин,https://t.me/benzin,ru,Gifts and NFT,57900,226,1684458
33,TON Всезнайка,https://t.me/ton_vseznayka,ru,Authors and blogs,174000,127,1681320
34,Insider TON,https://t.me/insidert0n,ru,Gifts and NFT,95800,226,1677774
35,اخبار گیفت | عمو ایردراپ,https://t.me/amoairdrop,fa,Airdrops and farming,108000,491,1608127
36,GiftsRO,https://t.me/giftsro,ru,Gifts and NFT,55400,595,1603723
37,Gifts Holder,https://t.me/digest,ru,Gifts and NFT,140841,311,1597908
38,Клуб Гифтомании,https://t.me/giftomania_community_ru,ru,Gifts and NFT,605000,45,1509760
39,CP & CS2 Podcast 🎙,https://t.me/burewala,ru,Authors and blogs,35070,394,1478158
40,GlusheMoney,https://t.me/glushemoney,ru,Airdrops and farming,118000,604,1380739
41,CryptoDays 2.0,https://t.me/cryptodays,ru,News and media,30119,630,1364133
42,LABA,https://t.me/thelab,ru,Gifts and NFT,78500,211,1361829
43,Gift Mirror,https://t.me/gift_mirror,ru,Gifts and NFT,13100,217,1234898
44,ADrops | Crypto & Gifts,https://t.me/adropscoin,ru,Gifts and NFT,318000,379,1206041
45,NFT GIFTS,https://t.me/nftswe,ru,Gifts and NFT,52400,331,1162965
46,Gift Changes,https://t.me/giftchanges,en,Gifts and NFT,118000,7,1092000
47,PLUSH PEPE SALES,https://t.me/plushpepesales,en,Authors and blogs,7940,581,1079903
48,Digitality / Диджиталити,https://t.me/digitality,ru,Authors and blogs,203000,128,1072376
49,Gift News,https://t.me/gift_news,ru,Gifts and NFT,28300,149,1060788
50,LEAN HUSTLE CRYPTO (TON SZN & NFT),https://t.me/leanhustle_crypto,ru,Gifts and NFT,32800,239,1045188
51,ОТЦОВСКОЕ ОБЩЕСТВО,https://t.me/evgenahata,ru,Authors and blogs,102000,365,1035316
52,Крипта для всех!,https://t.me/kriptoclan,ru,Authors and blogs,16400,561,1026556
53,BULLSTAR - SIGNALS,https://t.me/bullstar1,en,Trading and signals,79510,159,1022429
54,Gifts & Stickers / CRYPTO 01,https://t.me/poebota,ru,Gifts and NFT,50900,462,986152
55,Alex TON,https://t.me/alex_ton17,ru,Airdrops and farming,64300,196,944109
56,Mrdigiarz,https://t.me/mrdigiarz,fa,Authors and blogs,65300,511,930458
57,Криптомнения,https://t.me/crypto_opinions,ru,Authors and blogs,14400,107,905559
58,Regular Trader,https://t.me/gifts_traderr,ru,Gifts and NFT,210635,71,884788
59,AID Crypto,https://t.me/aid_crypto,ru,Gifts and NFT,4059,712,884276
60,Phoenix [Crypto | Stream | Life],https://t.me/phoenix_nft,ru,Gifts and NFT,11300,547,874502
61,Crypto Чайка,https://t.me/crypto_chaika,ru,Gifts and NFT,46300,500,867208
62,Владиславский,https://t.me/vladiiiiken,ru,Gifts and NFT,208000,104,864177
63,Bitpapa Media,https://t.me/bitpapa_io,ru,News and media,109000,583,835793
64,AGE OF CRYPTO,https://t.me/age_of_crypt,ru,Authors and blogs,15500,400,824402
65,Ton House,https://t.me/m9460,ru,Airdrops and farming,22600,985,810070
66,Zoned,https://t.me/zoned,en,Authors and blogs,119000,217,784586
67,TON в кошельке,https://t.me/tontopnews,ru,News and media,15300,1238,778908
68,криптанчик,https://t.me/soldould,ru,Gifts and NFT,129000,134,772530
69,Major Community,https://t.me/majors,en,Gifts and NFT,11300000,5,771000
70,CRYPTO ZARYAD,https://t.me/cryptozaryad,ru,Authors and blogs,318000,263,754294
71,LEGAL,https://t.me/legai,en,Authors and blogs,31400,543,753299
72,Xrocket‌ Iran [Gift],https://t.me/xrocket_iran,fa,Gifts and NFT,103000,455,747570
73,Savin Gift,https://t.me/savin_gift,ru,Gifts and NFT,131000,222,744109
74,gramlow,https://t.me/gramlow,ru,Authors and blogs,19418,191,740871
75,Агент Дурова,https://t.me/agentdurovaton,ru,Authors and blogs,48800,61,727039
76,GIMME LIFE,https://t.me/gimme_life,ru,Authors and blogs,8670,380,705782
77,Gift Caps | Розыгрыш Подарков,https://t.me/giftcaps11,ru,Gifts and NFT,17300,1069,693346
78,barboskich.ton,https://t.me/barboskich_ton,ru,Authors and blogs,15000,257,692789
79,Roxman печатает…,https://t.me/roxtalk,ru,Authors and blogs,475000,29,686880
80,morsh.ton,https://t.me/morshton,ru,Authors and blogs,23500,166,672585
81,TON AirDrop (EN),https://t.me/tonairdrop_en,en,Airdrops and farming,535853,277,669507
82,Free TON News,https://t.me/miningapp_news,en,Airdrops and farming,186000,55,667610
83,RG Crypto Lab,https://t.me/rgcryptolab,en,Airdrops and farming,49500,25,665750
84,ЧЕСНОК️,https://t.me/chesnok,ru,Authors and blogs,5870,96,661510
85,TON POINTER,https://t.me/tonpointer,ru,Authors and blogs,127000,171,659549
86,Weekshit_crypto,https://t.me/weekshit_crypto,en,Airdrops and farming,9530,346,613117
87,maršalov,https://t.me/marsalscave,ru,News and media,2162,1563,602817
88,ToWeR,https://t.me/tower_ton_ru,ru,Authors and blogs,23300,196,589121
89,Пашин TON! ️️,https://t.me/the_cryptoton,ru,Authors and blogs,2340,426,588546
90,Mr Not | نات کوین ایران,https://t.me/notcoinmint,fa,Airdrops and farming,32700,157,585854
91,Crypto_Tiger,https://t.me/the_crypto_tiger,ru,Authors and blogs,41100,720,575855
92,PaidZ| OFFICIAL NEWS,https://t.me/paidz_news,en,News and media,24600,198,574195
93,Knukles TON,https://t.me/knukleston,ru,Gifts and NFT,28400,290,552322
94,✧ V Gift,https://t.me/vgift,it,Gifts and NFT,120000,766,536382
95,Игры Патрика | Канал,https://t.me/patrickgames_news,ru,News and media,35200,56,530090
96,Dictator Crypto,https://t.me/dictatorcryptodct,ru,Authors and blogs,20807,131,528465
97,Wallet DeFi News,https://t.me/walt_defi_news,en,News and media,640000,3,528200
98,Crypto Fomo,https://t.me/crypto_gst,ru,Authors and blogs,581000,166,521184
99,花开花开 @HKHK,https://t.me/hkfg,zh,Authors and blogs,21800,121,511289
100,Diamond Bazar,https://t.me/tgbtc,ru,Gifts and NFT,257000,169,510469
101,The Ti,https://t.me/tmton,ru,Authors and blogs,7110,188,498190
102,TON Insider,https://t.me/ton_ins,en,Trading and signals,115000,47,497769
103,Earnings,https://t.me/earnings365,en,Airdrops and farming,39400,719,494729
104,TORGASH NFT,https://t.me/torgash_nft,ru,Gifts and NFT,33900,167,494459
105,TON Знаток,https://t.me/tonznatok,ru,Gifts and NFT,24300,208,490774
106,Toncoin Live News,https://t.me/toncoinz,en,News and media,28100,187,486350
107,Brewer :),https://t.me/brewergifts,ru,Gifts and NFT,24700,234,485676
108,zicelaqo,https://t.me/zicelaqo,ru,Trading and signals,164567,76,475850
109,NFT YAKUSHA #YakZen,https://t.me/nftyakusha,ru,Gifts and NFT,15900,437,474717
110,synd1cat3e,https://t.me/synd1cat3e,ru,Authors and blogs,10700,351,472353
111,Utya News - Telegram подарки,https://t.me/giftsutya,ru,Gifts and NFT,22900,78,471360
112,рост будет бесконечный,https://t.me/tonbase,ru,Authors and blogs,1507959,79,470430
113,To New Channels,https://t.me/tonewchannels,en,Airdrops and farming,452000,45,463560
114,Криптология,https://t.me/criptodro,ru,Authors and blogs,133000,403,461403
115,Labuba | Новости Подарки Телеграм,https://t.me/labubustarz,ru,Gifts and NFT,64100,177,460458
116,DropCryptoZona,https://t.me/dropkriptozona,ru,Airdrops and farming,106000,381,460051
117,Дропы от Мизантропа,https://t.me/dropmezantrop,ru,Airdrops and farming,162000,506,459496
118,P2E Lab,https://t.me/p2e_lab,ru,Authors and blogs,7070,411,457121
119,Rich_Dad,https://t.me/richdady7,ru,Authors and blogs,6880,420,455188
120,Your Premium | Your Notcoin,https://t.me/premium_not,ru,Gifts and NFT,44278,1360,452725
121,Insider gifts,https://t.me/insidergifts,ru,Gifts and NFT,23400,385,441561
122,Fyman News,https://t.me/giftscope,ru,Gifts and NFT,47100,39,437159
123,Dig It Gold Game Community,https://t.me/digitgoldgamechannel,en,Airdrops and farming,20300,180,435032
124,Crypto&Brunette,https://t.me/cryptobrunette,ru,News and media,28400,761,425631
125,Tonik gifts,https://t.me/tonikgifts,ru,Gifts and NFT,29800,269,413826
126,Apes Club,https://t.me/apes_club,en,Gifts and NFT,59100,68,412975
127,Китовая Дениса,https://t.me/whale_denis,ru,Authors and blogs,13823,310,408403
128,TON / GRAM Space,https://t.me/tonspace,en,News and media,2610,127,392630
129,ForTON FRT Official Channel,https://t.me/officialforton,en,Authors and blogs,17300,127,392443
130,Salomol Crypto,https://t.me/salomol_crypto,ru,Authors and blogs,25900,200,389114
131,Dr. Dropov,https://t.me/dr_dropov,ru,Airdrops and farming,235000,54,387839
132,Shadow_of_Gandalf,https://t.me/whisper_in_the_night,ru,Airdrops and farming,1531553,15,386600
133,"REKBER SIX: Convert Crypto (USDT, TON, TRX, Binance, dll), MYR, PESO, REKBER",https://t.me/rekbersix,id,Authors and blogs,19400,259,384047
134,Playing WEB3,https://t.me/playing_web3,en,Airdrops and farming,25300,390,382088
135,Rewards Claim Channel,https://t.me/rewards_claim_daily,en,News and media,17100,110,368866
136,Crypto Goblin,https://t.me/goblincrypto,ru,Authors and blogs,36400,713,366436
137,$EZZ COIN,https://t.me/ezzcoint,en,Authors and blogs,11800,63,364750
138,K&D | Ларек NFT,https://t.me/prioritet_nft,ru,Gifts and NFT,24200,72,363210
139,Дмитрий Макаровский,https://t.me/makarovsky777,ru,Authors and blogs,6010,433,362724
140,Арчер про игры | Новости про подарки и крипту,https://t.me/archer_games,ru,Gifts and NFT,177000,296,361674
141,Satoshi NakomoTo NFT,https://t.me/satoshilchill,ru,Gifts and NFT,7820,798,356437
142,GIFT MAFIA,https://t.me/giftmafia,ru,Gifts and NFT,24500,138,352130
143,toncoin_kit,https://t.me/mosquito_stream,ru,Authors and blogs,48300,78,343847
144,ohuenko,https://t.me/ohuenko,ru,Authors and blogs,315309,17,341570
145,Crypto Game,https://t.me/crypto_gamesuzb,ru,Authors and blogs,70900,194,338659
146,ALIEN/CRYPTO,https://t.me/aliencryptoua,ru,Authors and blogs,8260,800,329450
147,Vibes,https://t.me/vibes,ru,Authors and blogs,2651,61,327609
148,Очки Дурова,https://t.me/durovessunglasses,ru,Gifts and NFT,61000,74,324580
149,КРИПТО МЕЧТА,https://t.me/krypto_mechta,ru,Authors and blogs,9590,369,301428
150,XPEH INVEST CLUB,https://t.me/xpeh_invest_club,ru,Investing and analytics,10800,558,301030
151,Mining telegram bots,https://t.me/telegabotua,en,Airdrops and farming,279000,266,300704
152,Kipko Gifts,https://t.me/kipkogifts,ru,Gifts and NFT,24500,235,298829
153,Nft Lair,https://t.me/nftlair,ru,Gifts and NFT,29100,119,297589
154,@notyou,https://t.me/notyou,ru,Gifts and NFT,46643,113,284398
155,Has The millionaire,https://t.me/hasthemillionaire,ru,Authors and blogs,64900,756,279453
156,Mr Crypto Monop,https://t.me/mrcryptomonop,ru,Airdrops and farming,15500,108,279115
157,VeVe Stickerverse,https://t.me/vevedigital,en,Gifts and NFT,12400,83,278924
158,𝐓𝐨𝐫𝐟𝐢𝐧 | 𝐍𝐅𝐓,https://t.me/torfin_nft,ru,Gifts and NFT,15100,825,277048
159,Gift Prime,https://t.me/giftprimenft,ru,Gifts and NFT,72500,139,276641
160,Крипто Пахан,https://t.me/cryptopaxan,ru,Gifts and NFT,15000,116,271809
161,Ton Cryptans,https://t.me/toncryptans,ru,News and media,228591,71,267481
162,"FIXATION. TON, NFT, CV GIFT/USN, TELEPREM, STARS, NOKOS.",https://t.me/fikksasi,en,Gifts and NFT,7110,1092,265310
163,SamoX,https://t.me/samox,ar,Airdrops and farming,1940,372,263924
164,CRYPTOGAMES NEW [DAILY COMBO],https://t.me/cryptogamesneew,ru,News and media,13200,981,262889
165,BeeGifts News,https://t.me/beegiftsnews,ru,Gifts and NFT,19800,102,257755
166,КриптоДед,https://t.me/cryptonftded,ru,Gifts and NFT,183476,137,245427
167,Ecole de vie,https://t.me/ecoledevie,fr,Airdrops and farming,9260,218,244031
168,LIPTON | Investments,https://t.me/lipton_v_dele,ru,Investing and analytics,13700,238,242538
169,"SILHOVIC : NOKTEL, TELEPREM, TELESTARS, ROBUX, BOOST, TON, NFT, NOKWA",https://t.me/silhovic,en,Gifts and NFT,3750,769,238595
170,Akira v TONe,https://t.me/akiravton,ru,Airdrops and farming,39400,314,236737
171,dreamdares.com,https://t.me/kazhantvv,ru,Authors and blogs,115000,127,233013
172,DAILY GIFT GIVEAWAYS,https://t.me/dailygig,en,Gifts and NFT,73100,494,231692
173,Odyssey TON,https://t.me/odyseyton,ru,Gifts and NFT,13900,206,230500
174,blurb,https://t.me/blurb,ru,Gifts and NFT,14719,200,224416
175,O my GIFT,https://t.me/o_my_gift,ru,Gifts and NFT,33400,262,224047
176,Игры • Победы • Призы,https://t.me/youlottery,ru,Authors and blogs,95100,239,214683
177,OG TON,https://t.me/og_ton,ru,Trading and signals,70900,53,210539
178,My Wallet · Новости,https://t.me/mywalletrus,ru,News and media,276000,36,207910
179,Investment kingyru,https://t.me/investkingyru,ru,Investing and analytics,1696054,25,206080
180,Пепе Дарує,https://t.me/pepedarue,uk,Gifts and NFT,4850,252,205053
181,Greedy,https://t.me/greedy_nft,ru,Gifts and NFT,43400,45,204849
182,Проект,https://t.me/projectx_nft,ru,Gifts and NFT,253000,61,203140
183,NFT Подарки,https://t.me/nft_podarki,ru,Gifts and NFT,20700,58,202740
184,𝗖𝗥𝗬𝗣𝗧𝗢 𝗟𝗘𝗔𝗥𝗡,https://t.me/crypto_learn90,en,Airdrops and farming,15700,448,199301
185,ЗАРОБІТОК_ІНТЕРНЕТ,https://t.me/kombo_crypta,uk,Authors and blogs,9130,292,198331
186,Liberty ICO | Crypto,https://t.me/libertycryptoq,ru,Gifts and NFT,21200,52,195818
187,GiftErnity - NFT Подарки,https://t.me/gift_ernity_nft,ru,Gifts and NFT,6680,212,193440
188,Whale Official Alerts,https://t.me/whalesports,en,Authors and blogs,367000,258,189033
189,TON Wall,https://t.me/tonwalll,en,Authors and blogs,4670,119,187825
190,Crypto Radar,https://t.me/tonscamton1,ru,Authors and blogs,58400,149,186263
191,HotFunBox Channel,https://t.me/hotfunbox,en,Airdrops and farming,3090,264,185754
192,GiftWhaleDeposits,https://t.me/giftwhaledeposits,en,Gifts and NFT,2380,245,184239
193,Daily Combo,https://t.me/they_pay,ru,News and media,15400,144,184041
194,Crypto HITLIST,https://t.me/cryptohitlist,ru,Gifts and NFT,10900,145,178266
195,Learn 2 Trade Crypto,https://t.me/learn2tradectypto,en,Airdrops and farming,22360,379,175999
196,Хомячий памп,https://t.me/hamsterspump,ru,Trading and signals,22228,235,174280
197,The Daily TON | Новости,https://t.me/thedailytonrus,ru,News and media,69584,67,171290
198,GiftVerse - NFT подарки,https://t.me/gift_verse_nft,ru,Gifts and NFT,17700,196,170135
199,The Daily TON | News,https://t.me/thedailyton,en,News and media,254010,67,169854
200,𝗘𝗔𝗦𝗬 𝗖𝗥𝗬𝗣𝗧𝗢 𝗘𝗔𝗥𝗡𝗜𝗡𝗚,https://t.me/instant_earning_zonee,en,Airdrops and farming,11500,169,168942
201,Dropsnap,https://t.me/dropsnap,en,Airdrops and farming,7180,1132,166846
202,Tap to Earn Insider,https://t.me/taptoearninsider,en,Airdrops and farming,1030000,429,166397
203,Mr.Vincher,https://t.me/mrvincher_ton,ru,Gifts and NFT,31400,131,165641
204,GIFTSIDER – TON,https://t.me/giftsider,ru,Gifts and NFT,30500,106,164444
205,معرفی و آموزش ایردراپ | بازی,https://t.me/addlix,fa,Airdrops and farming,16800,164,159261
206,Easy Spin Gift News,https://t.me/easyspingift_news,ru,Gifts and NFT,55900,41,158699
207,TON News,https://t.me/new_ton_news,ru,News and media,194000,57,157970
208,INKLAND GIFT,https://t.me/inklandgift,ru,Gifts and NFT,22600,133,155682
209,Gift NFTs,https://t.me/giftcnft,en,Gifts and NFT,9460,77,154587
210,Kai's TON Calls,https://t.me/kaiscalls,en,Trading and signals,1340,1294,146912
211,Web3 на доступном,https://t.me/nft_reality,ru,Gifts and NFT,78600,63,146488
212,Recorded,https://t.me/recorded,en,Authors and blogs,10600,210,146352
213,Альмквист,https://t.me/almquist_btc,en,Gifts and NFT,4390,522,144547
214,Notcoin Russia,https://t.me/notcoin_russia_ruchanal,ru,Authors and blogs,22900,176,141997
215,Hex Gifts,https://t.me/hexgifts,ru,Gifts and NFT,5990,121,141931
216,GRAM Content English,https://t.me/toncontentenglish,en,News and media,561686,51,141806
217,Новости | NFT Подарки | Звёзды,https://t.me/nft_gift_hub,ru,Gifts and NFT,10800,128,141166
218,Monochrome Gifts [Выложи подарок/Post your gift],https://t.me/gifts_monochrome,en,Gifts and NFT,8020,670,137829
219,Crypto Trading signals,https://t.me/cryptotradingsignals360,en,Trading and signals,40500,32,137770
220,NFT Museum,https://t.me/gifts_museum,en,Gifts and NFT,4480,32,135040
221,We TON,https://t.me/weton,ru,Authors and blogs,20307,168,132268
222,ghwnd,https://t.me/ghwnd,ru,Authors and blogs,14582,64,131993
223,DENIS | Crypto & NFT,https://t.me/cryptodenisnft,ru,Gifts and NFT,32800,142,131922
224,مزاد مصر - Egypt auction,https://t.me/f_w_u,ar,Gifts and NFT,6060,1533,131160
225,Матрас ТОН,https://t.me/matras_ton,ru,Authors and blogs,35300,36,130989
226,Анонс!,https://t.me/announce,ru,Gifts and NFT,5380,147,130067
227,CRYPTOMAT,https://t.me/cryptomatone,ru,Gifts and NFT,11000,162,128513
228,PANDA GIFTBOX PAYOUTS,https://t.me/giftboxapp_payouts,en,Gifts and NFT,4490,158,127719
229,"village""ton",https://t.me/villageton,ru,Trading and signals,19900,78,127410
230,TIME IS MONEY TEAM,https://t.me/timoneyteam,ru,Authors and blogs,7470,428,126691
231,Вова арбитраж,https://t.me/boba_arb,ru,Trading and signals,3910,47,119599
232,Telegram People Foundation,https://t.me/tg_people,ru,Authors and blogs,475,565,119263
233,( OPEN ) 𝗥𝗘𝗞𝗕𝗘𝗥 𝗔𝗟𝗟𝗣𝗔𝗬,https://t.me/rekber_allpay,id,Authors and blogs,31100,534,118940
234,CryptoPlay,https://t.me/cryptoplayuz,ru,Authors and blogs,68300,135,118712
235,The Shadows Architect (​Crypto Puzzle),https://t.me/theshadowarchitect,en,Authors and blogs,32800,5,118100
236,EVAA,https://t.me/evaatg,en,Authors and blogs,17300,43,117130
237,Telegram gifts NEWS,https://t.me/nftnewstg,ru,Gifts and NFT,10800,26,117099
238,Luxury Gifts,https://t.me/luxurygifts24,en,Gifts and NFT,17900,30,116039
239,GOYARD TON,https://t.me/goyardton,ru,Gifts and NFT,21000,75,115628
240,Chirp,https://t.me/chirp,ru,Trading and signals,11301,153,115571
241,Yassir Airdrops,https://t.me/yassirairdrops,en,Airdrops and farming,3340,632,115512
242,Spidey Gift,https://t.me/pauchokman,ru,Gifts and NFT,58600,19,114996
243,"<\\> Шардинг, TON'ы, два Жетона </>.",https://t.me/ton2k,ru,Authors and blogs,235611,118,113529
244,Раздачи | NFT Подарки | Звёзды,https://t.me/nft_gift_hub_giveaway,ru,Gifts and NFT,10100,245,112932
245,Crypto World,https://t.me/cryptoworld_by,ru,Gifts and NFT,7550,580,112768
246,giftlana,https://t.me/giftlana,ru,Gifts and NFT,11700,261,111421
247,STARK NFT,https://t.me/straxzx_nft,ru,Gifts and NFT,14700,161,101928
248,giftshop,https://t.me/giftshop,en,Gifts and NFT,2330,168,99210
249,彡𝕂𝕡ип𝕋𝕠𝔹ид𝕖ℍи𝕖彡,https://t.me/criptovidenie7320,ru,Authors and blogs,5090,160,99115
250,Mr Lalfy | GRAM SZN,https://t.me/mrlalfyofficial,ru,Authors and blogs,8360,125,98631
251,Gifts TEMA,https://t.me/gifts_tema,ru,Gifts and NFT,2860,315,95023
252,Alihouse,https://t.me/alihouse,en,Authors and blogs,11700,219,93158
253,LIVER,https://t.me/livercs_info,ru,Gifts and NFT,5980,91,92692
254,Gifts News,https://t.me/nftgift_shop,ru,Gifts and NFT,7380,70,91147
255,Рыцари Тайлера,https://t.me/tylersknights,ru,Gifts and NFT,20700,36,90650
256,Easy Breezy NFTizy,https://t.me/easy_nftizy,ru,Gifts and NFT,17900,71,90345
257,Крипто Вилла,https://t.me/cryptoandvilla,ru,Gifts and NFT,5750,284,90044
258,ТЕЛЕМЕМ,https://t.me/telexmem,ru,News and media,13200,70,88404
259,Telegram Collectibles x Getgems,https://t.me/tgcollectors,en,Gifts and NFT,32600,19,85490
260,криптоджунгли,https://t.me/crptjungle,ru,Authors and blogs,3480,204,84475
261,nftshka_news,https://t.me/nftshka_news,ru,Gifts and NFT,17200,115,82890
262,Primate impact is too high,https://t.me/primateimpact,ru,Authors and blogs,76344,72,81657
263,RECRUITER NFT,https://t.me/recruiternft,ru,Gifts and NFT,5670,122,77922
264,Псина TON,https://t.me/tonpsina,ru,Authors and blogs,4080,233,76852
265,ZIFRETTA,https://t.me/zifretta_ecosystem,ru,Authors and blogs,8190,47,75161
266,TONhub,https://t.me/ton_hub,ru,Investing and analytics,25100,15,75060
267,GIFT Jackpot • NEWS,https://t.me/giftjackpot,ru,Gifts and NFT,15900,70,74221
268,Дело в TON,https://t.me/delo_vton,ru,Trading and signals,48700,20,73760
269,The Gram Times,https://t.me/thegramtimes,en,Authors and blogs,1312,143,72888
270,Username’s,https://t.me/userbazar,en,Gifts and NFT,9470,50,72758
271,YourUser,https://t.me/youruser,en,Authors and blogs,10900,106,71836
272,Spy,https://t.me/rentmes,en,Authors and blogs,2120,1,71800
273,Telegram Man's blog,https://t.me/manintg_blog,ru,Authors and blogs,1459,104,71405
274,TON Кенгуру,https://t.me/ton_kenguru,ru,Authors and blogs,6650,189,70582
275,Crypto Vazima | Web3 Internships & Junior Roles,https://t.me/crypto_vazima_english,en,News and media,4840,602,70384
276,STON.fi Hindi Regional Community,https://t.me/stonfi_hindi,en,Authors and blogs,3410,102,69994
277,GiftHave,https://t.me/gifthave0,ru,Gifts and NFT,8120,279,69569
278,TONкости Блокчейна,https://t.me/tonkosti_blockchain,ru,News and media,3083,885,69512
279,"MERCHANIT - OPEN: STARS, TELEPREM, CONVERT, JASPIN, TON, ROBUX, TELESTARS, NOKTEL, APK PREM, JASA NFT, BOOST.",https://t.me/merchanit,en,Gifts and NFT,8470,295,69387
280,Ton doska,https://t.me/tondoska,ru,Investing and analytics,10300,290,68468
281,سحب تلجرام مميز مجاناََ,https://t.me/free_telegram_gift,ar,Gifts and NFT,4540,117,67884
282,КриптоМемы,https://t.me/cryptomemlol,ru,Authors and blogs,16800,140,67170
283,Stonbassadors Program,https://t.me/stonfiambassadors,en,Authors and blogs,6100,22,67135
284,Gift | اخبار گیفت ایران,https://t.me/chnlwhale,fa,Gifts and NFT,3040,77,66424
285,MIXMEN,https://t.me/mixmennft,ru,Gifts and NFT,6250,61,65401
286,TON Watcher,https://t.me/ton_watcherguru,en,Authors and blogs,74100,54,65056
287,STON.fi | Ru,https://t.me/ston_fi_ru,ru,Authors and blogs,20043,83,64794
288,Tonus,https://t.me/the_tonus,ru,News and media,38900,82,64204
289,Хаси | NFT новости,https://t.me/hasi_nft,ru,Gifts and NFT,14800,36,64141
290,TON Community,https://t.me/toncommunitychannel,en,News and media,779000,3,62500
291,Hierarchy News - Updates,https://t.me/hierarchynews,en,News and media,8560,20,59567
292,@fredror | GRAM Community,https://t.me/fredror_ton,ru,Authors and blogs,12500,15,58173
293,cryptel,https://t.me/cryptel999,en,Trading and signals,10700,52,56694
294,Topgiftlovers Подарки,https://t.me/tglvrs,ru,Gifts and NFT,10700,197,56300
295,Молодой - NFT подарки,https://t.me/tmmcrypt,ru,Gifts and NFT,6540,52,55088
296,Loots News,https://t.me/lootsnews,en,News and media,24700,43,54860
297,Safe Exchange | Обмен криптовалют,https://t.me/safexchangepro,ru,Authors and blogs,1030,187,53841
298,HuntSell,https://t.me/huntsell,ru,Gifts and NFT,9280,10,53600
299,TON Future,https://t.me/futuretonopen,ru,Authors and blogs,6240,18,52351
300,Belfort,https://t.me/belfortking,ru,Gifts and NFT,37200,315,51221
301,Plantation,https://t.me/plantation,en,Authors and blogs,23800,57,50830
302,American Crypto News,https://t.me/usa_cg,ru,News and media,226000,292,50302
303,VO$HOT,https://t.me/hotminingru,ru,Airdrops and farming,6660,68,49721
304,Мысли о TON,https://t.me/ton_raketa777,ru,Authors and blogs,3410,108,49391
305,TON с Вовой,https://t.me/ivanov7_77,ru,Airdrops and farming,37163,64,49098
306,飞机礼物/典藏礼物,https://t.me/ryuuu,zh,Authors and blogs,13900,63,48649
307,L'infos sur la crypto finance,https://t.me/cryptoinformateur,en,Authors and blogs,12400,57,47580
308,ewripnews,https://t.me/ewripnews,ru,News and media,3810,9,47290
309,TON POINTER ENG,https://t.me/tonpointereng,en,Authors and blogs,528043,19,47042
310,Gimme call it,https://t.me/gimmecallit,ru,Authors and blogs,433,92,46132
311,Містер Криптонос,https://t.me/mrcryptonos,uk,Gifts and NFT,1690,156,44972
312,UserNexo,https://t.me/usernexo,en,Gifts and NFT,24300,294,43244
313,удваки (y2k),https://t.me/y2ksquad,ru,Gifts and NFT,5760,168,42911
314,MeowCatMarket,https://t.me/meowcatmarket,ru,Authors and blogs,1170,188,42001
315,𝗚𝗜𝗙𝗧 𝗡𝗘𝗪𝗦 |أخبار الهدايا,https://t.me/giftsarab,en,Gifts and NFT,2530,137,41730
316,ДВИЖ,https://t.me/gramdvij,ru,Authors and blogs,609,77,41425
317,TON ON EVERYDAY,https://t.me/tononeveryday,en,Gifts and NFT,98200,6,40920
318,ToWeR,https://t.me/tower_ton_english,en,Authors and blogs,8550,130,40827
319,AMORE COIN x AMORE DUCKS,https://t.me/amoreaicoinru,ru,Authors and blogs,6040,28,40808
320,Fleep,https://t.me/fleepnft,ru,Gifts and NFT,2950,76,40143
321,Копеечка_к-копеечке,https://t.me/kopee4ka_k_kopee4ke1,uk,Airdrops and farming,51700,46,40092
322,TON Gifts Chan,https://t.me/ton_giftschan,ru,Gifts and NFT,9910,49,39612
323,TonNomads,https://t.me/tonnomads,en,Authors and blogs,24700,31,39349
324,СКВИДВАРД | NFT Подарки,https://t.me/squidward_nft,ru,Gifts and NFT,1500,38,39156
325,Vse o TON,https://t.me/vse_byditt_zaebis,ru,Airdrops and farming,5600,516,38919
326,StockTON,https://t.me/investitsii,ru,Investing and analytics,19000,61,38883
327,Криптон,https://t.me/tonkrypton,ru,News and media,9570,52,38698
328,TON Cabal,https://t.me/cooks,en,Trading and signals,1510,34,38344
329,RareDrop,https://t.me/rare_dropp,ru,Airdrops and farming,4970,37,38246
330,Непонятно что.,https://t.me/huester,ru,Authors and blogs,4324,130,37406
331,Gifstoch,https://t.me/gifstoch,ru,Investing and analytics,2380,101,36691
332,Gift Legion,https://t.me/giftlegion,ru,Gifts and NFT,15100,84,36086
333,IMP GameFi Channel,https://t.me/impgamefi,en,Authors and blogs,52400,21,35630
334,НеХомяк,https://t.me/xomaton,ru,Gifts and NFT,4910,39,34194
335,Господин маркет мейкер,https://t.me/thef1rm,ru,Authors and blogs,423,185,34118
336,WalletStars | Купить Звёзды,https://t.me/walletstarsofficial,en,Authors and blogs,28500,6,34100
337,TON Planets Charity,https://t.me/tonplanetscharity,en,News and media,7810,1119,33888
338,𝗥𝗲𝘃𝗶𝗲𝘄𝘀,https://t.me/mrpepe_ton,en,Authors and blogs,4910,25,33660
339,GRAM Blacklist (ex TON Blacklist),https://t.me/gram_black,ru,Authors and blogs,2090,20,33373
340,Kingyru: жизнь В,https://t.me/kingy_ru,ru,Investing and analytics,8570,26,33320
341,Inoy Crypto,https://t.me/tapswapcode_ru,ru,Airdrops and farming,178000,64,33261
342,GRAM ZONE Community,https://t.me/gramzone,ru,Gifts and NFT,38600,5,33120
343,"Milord News | NFT-Подарки, NFT-Стикеры, Розыгрыши",https://t.me/milordnews,ru,Gifts and NFT,3230,46,32960
344,Крипта Телеграм | Игры | Комбо | Коды,https://t.me/crypta_telegram,ru,Authors and blogs,532,445,32456
345,TON CABAL,https://t.me/ton_cabal,en,Authors and blogs,13700,8,32240
346,Tele24hr • News,https://t.me/tele24hr,en,News and media,3610,42,32095
347,NoDex,https://t.me/nodexhi,ru,Authors and blogs,391000,11,32040
348,TON Инсайдер,https://t.me/ton_ins_ru,ru,Trading and signals,20300,62,31992
349,Crypto Bizzi,https://t.me/cryptobzzi,ru,Authors and blogs,1540,21,31974
350,Дэб,https://t.me/dabload_on_ton,ru,Trading and signals,2890,40,31148
351,Allo’s Corner,https://t.me/allocorner,uz,Gifts and NFT,11200,67,30414
352,Krashfn,https://t.me/krashfn,ru,Authors and blogs,4350,9,30316
353,Crypto Sock,https://t.me/sockcrypt0,ru,Authors and blogs,8330,32,30313
354,NFT подарки Telegram,https://t.me/nft_gift_tg,ru,Gifts and NFT,17700,35,29489
355,TON News,https://t.me/newston_en,en,News and media,139116,57,28455
356,Semenchuk's thoughts,https://t.me/semenchuk_eng,ru,Authors and blogs,319276,29,28393
357,Агент Телеграма,https://t.me/insidegift,ru,Gifts and NFT,8920,109,28212
358,Champions,https://t.me/champions,en,Gifts and NFT,1470,51,27509
359,CoffeeWithBTC | Кофе с Биткоином,https://t.me/coffeewithbtc,ru,Authors and blogs,27700,12,26810
360,Покажи прибыль,https://t.me/hamstercombo,ru,Authors and blogs,10000,122,26758
361,Болтовский,https://t.me/boltgod,ru,Authors and blogs,6810,37,26604
362,TON Loading...,https://t.me/tonloading,ru,Authors and blogs,23400,26,26209
363,Cryptasino,https://t.me/cryptasino,ru,News and media,4610,210,25668
364,TON Strategy Co. (NASDAQ: TONX),https://t.me/tonstrat,en,Authors and blogs,5980,8,25040
365,TON.ton,https://t.me/tikitons,en,Gifts and NFT,6430,21,24732
366,Логово TON,https://t.me/crypto_stars_free,ru,Gifts and NFT,37200,40,24643
367,TONSIDER - Crypto live,https://t.me/web3playton,en,Airdrops and farming,1280,135,24348
368,Mezantrop Gifts,https://t.me/mezantropgifts,ru,Gifts and NFT,10700,82,24210
369,- Alex Mining,https://t.me/ialexmg,ar,Airdrops and farming,51500,13,23751
370,Crypto Neprostoy,https://t.me/cryptoneprostoy1,ru,Authors and blogs,2660,38,23613
371,Giftlee,https://t.me/giftlee_official,en,Gifts and NFT,2510,14,23280
372,О дивный TON,https://t.me/bravenewton,ru,News and media,22700,107,22976
373,Zenwallet,https://t.me/zenwallet,en,News and media,13200,6,22810
374,ʟᴀ ɴғᴛ,https://t.me/gifts_la,kk,Gifts and NFT,1480,25,22664
375,Grm Official,https://t.me/grmcoinorg,en,Authors and blogs,177000,4,22460
376,TONight,https://t.me/kitonomika,ru,Trading and signals,462000,26,22414
377,TonFlip,https://t.me/tonflip,en,Authors and blogs,64386,47,22405
378,orcamine,https://t.me/orcamine,en,Airdrops and farming,2390,15,22184
379,GiftsChronicle,https://t.me/giftschronicle,ru,Gifts and NFT,5360,588,21526
380,TonDreamer,https://t.me/tondreamerr,ru,Authors and blogs,158591,11,21480
381,the noton,https://t.me/thenoton,en,Authors and blogs,694746,7,20900
382,Криптопаук,https://t.me/cryptopayk,ru,Gifts and NFT,157000,2,20650
383,Свидетель Дурова,https://t.me/witnesston,ru,Authors and blogs,15300,96,20646
384,Астрономия TON,https://t.me/astronomy_ton,ru,News and media,4360,29,20364
385,HARD TON,https://t.me/hardton,ru,Authors and blogs,14800,41,20187
386,"<\\> Sharding, TON's, two Jetons </>.",https://t.me/ton2keng,en,Authors and blogs,586707,12,20102
387,$DEX_is_not_a_$SEX,https://t.me/dex_is_not_a_sex,ru,News and media,1030,919,19993
388,"Enot | NFT-подарки, NFT-стикеры, TON",https://t.me/tg_enot,ru,Gifts and NFT,7220,4,19970
389,YMTG Domains,https://t.me/vipweb3,zh,Authors and blogs,5180,7,19543
390,TonDreamer Eng,https://t.me/tondreamereng,en,Authors and blogs,716214,8,19210
391,"ON FRAGMENT: CV GRAM, NFT & PREMIUMS.",https://t.me/onfrag,en,Gifts and NFT,1390,34,18861
392,Tonstakers RU,https://t.me/thetonstakers_ru,ru,Airdrops and farming,146399,4,18860
393,криптопароход | Make TON great again.,https://t.me/kriptoparohod,en,Authors and blogs,2260,36,18698
394,SIXR CRICKET,https://t.me/sixrcricket,en,Airdrops and farming,25500,10,18447
395,B AIRDROP HUNTER,https://t.me/bairdrophunter,en,Airdrops and farming,9800,29,18424
396,NaFunny,https://t.me/nafunny,ru,Authors and blogs,50,689,18273
397,На тон выше,https://t.me/tonup_srp,ru,Airdrops and farming,13397,20,18243
398,Болтоши Болтомото,https://t.me/boltoshi,ru,Authors and blogs,50421,22,18082
399,Imperial Club | 启富财,https://t.me/qifucai,ru,Gifts and NFT,12400,13,18034
400,QuestGrid | Crypto Missions & Rewards,https://t.me/tasknchannel,en,Airdrops and farming,930000,3,17530
401,NWDM CRYPTO,https://t.me/nwdmcrypto,ru,Airdrops and farming,1070,22,17214
402,Одноглазые Новости,https://t.me/bobrfromton,ru,News and media,1280,75,17214
403,lipsed.,https://t.me/otmotal,ru,Authors and blogs,1450,18,17140
404,TON Report,https://t.me/tonreportdaily,en,News and media,2240,636,16977
405,xroy ton,https://t.me/xroyton,ru,Gifts and NFT,1410,58,16825
406,Gift Ded,https://t.me/mr1gram,ru,Gifts and NFT,1660,27,16244
407,TON Watch,https://t.me/toncoinwatch,en,Authors and blogs,41000,208,16115
408,Tide Catcher,https://t.me/tidecatcherr,en,News and media,1680,633,15936
409,"ꘜ ТОНарий - TON, Подарки, NFT",https://t.me/tonarij,ru,Gifts and NFT,5750,26,15892
410,Spin4Gifts,https://t.me/spin4giftsroom,en,Gifts and NFT,1580,26,15837
411,cryptohornets,https://t.me/cryptohornets,ru,Authors and blogs,6580,36,15777
412,𝗥𝗡𝗟 𝗘𝗔𝗥𝗡𝗜𝗡𝗚 𝟮𝟰,https://t.me/rnl_earning24,en,Airdrops and farming,4120,127,15610
413,STON.fi Indonesia,https://t.me/stonfiid,id,Authors and blogs,1050,90,15254
414,BitJam,https://t.me/bitjam,ru,News and media,1240,81,15173
415,Pjes,https://t.me/cryptopjes,ru,Authors and blogs,9430,11,15071
416,Strannik Story,https://t.me/strannikstory,ru,Gifts and NFT,1050,152,14598
417,Аномалік,https://t.me/anomalikton,ru,Gifts and NFT,2300,45,14428
418,WinGIFT,https://t.me/wingift_channel,ru,Gifts and NFT,7000,25,14316
419,Web3 экосистема TON DeFi,https://t.me/tegromoney,ru,Gifts and NFT,17600,10,14236
420,МЫСЛИ РОМЧИКА,https://t.me/thoughtsroma,ru,Authors and blogs,15148,16,14197
421,The Open Cemetery,https://t.me/theopencemetery,ru,Authors and blogs,548,16,14027
422,DarkSide NFT,https://t.me/d4side,ru,Gifts and NFT,15600,9,13660
423,[TON] Kaidzen [改善],https://t.me/thekaidzenway,ru,Authors and blogs,7820,23,13625
424,Testnet TON Status,https://t.me/testnetstatus,en,Authors and blogs,10328,7,13624
425,Омни,https://t.me/omnicap,ru,Authors and blogs,1010,8,13605
426,Crypto Planet,https://t.me/cryptoplanet8,ru,Gifts and NFT,5110,19,13511
427,NFTrend,https://t.me/nftrend1,ru,Gifts and NFT,1790,79,13366
428,Libermall DeFi Маркет Gift NFT,https://t.me/libermallcom,ru,Gifts and NFT,12700,8,13251
429,Meta Silense TON,https://t.me/tonmetasilense,ru,Authors and blogs,2700628,2,13240
430,onexi agency,https://t.me/animate,ru,Authors and blogs,514,12,13208
431,CryptoBot Giveaways,https://t.me/giveawayscryptobot,en,Authors and blogs,1420,60,13082
432,TAC Announcement Channel,https://t.me/tacbuild1,en,Authors and blogs,1550,11,12913
433,Crypto Oborona,https://t.me/crypto_oborona,ru,Airdrops and farming,125234,8,12538
434,crypto_krm,https://t.me/krm_crypto,ru,Authors and blogs,207000,85,12474
435,Крипта на жизнь,https://t.me/cryptoinvestor_life,ru,Investing and analytics,3700,5,12390
436,pluggin,https://t.me/plugginest,ru,Gifts and NFT,1640,22,12058
437,ТехноЧекист,https://t.me/kynovedych,ru,News and media,3830,64,11634
438,CRYPTO FREEDOM,https://t.me/freedomcrypte,uk,Airdrops and farming,20100,4,11600
439,DEX Community • TON DeFi,https://t.me/communitytgr,ru,Gifts and NFT,12700,9,11482
440,Semis,https://t.me/semis,en,Gifts and NFT,3000,7,11049
441,Crypto Journey,https://t.me/crypt0journey,ru,Gifts and NFT,6530,6,10990
442,gloria,https://t.me/tonland,en,Authors and blogs,572,6,10933
443,Lozovsky.ton,https://t.me/georgelozovsky,ru,Authors and blogs,102917,6,10834
444,Цикл тона #FreeDurov,https://t.me/cikl_tona,ru,Authors and blogs,237000,32,10677
445,giiveaways,https://t.me/giiveaways,en,Gifts and NFT,25200,3,10640
446,Triggered $DRAGO,https://t.me/triggeredrago,en,Authors and blogs,2230,31,10600
447,BLUEWAVE,https://t.me/bluewaveprotocol,en,Authors and blogs,1470,34,10570
448,CRYPTEP,https://t.me/cryptep,ru,Trading and signals,62200,5,10530
449,LOBSTERS,https://t.me/lobsters,en,Gifts and NFT,11300,36,10090
450,Ton shards,https://t.me/currencynetwork,fa,Gifts and NFT,1820,30,9880
451,Tonly Pay | Купить ТОН за рубли,https://t.me/tonlypay,ru,Authors and blogs,15500,2,9770
452,DTrade News,https://t.me/dtrade_news_en,en,Trading and signals,49500,5,9680
453,Web3 Ecosystem TON DeFi,https://t.me/tegro_money,en,Gifts and NFT,18400,14,9585
454,"Лёша, TON и HODL",https://t.me/hodl_ton,ru,Investing and analytics,10900,16,9307
455,TON Ukraine | Media,https://t.me/tonukraine_news,uk,News and media,4710,6,9260
456,𝗧𝗕𝗣𝗬𝗖 𝗢𝗳𝗳𝗶𝗰𝗶𝗮𝗹,https://t.me/tbpycofficial,en,Airdrops and farming,1860,12,9223
457,Bael Blog,https://t.me/baelblog,ru,Authors and blogs,1322,27,9178
458,WEB3 | RU,https://t.me/web3tonru,ru,News and media,17400,31,9153
459,Крипто Хомяк,https://t.me/hmstrgamedev,ru,Authors and blogs,5920,10,9070
460,Халява в TON,https://t.me/feedpass,ru,Airdrops and farming,800,241,9059
461,DamX,https://t.me/damxdiary,en,Trading and signals,1308,13,8945
462,TON Drops,https://t.me/ton_airdropes,ru,Airdrops and farming,30000,47,8892
463,TON George,https://t.me/ton_george,ru,Investing and analytics,1100,8,8636
464,RICHTON (BANK OF RICH),https://t.me/bank_of_rich,ru,Gifts and NFT,65,76,8318
465,Gnezdo Hub by Bottlecruiser | ex Crypto Mokakke,https://t.me/cryptomokakke,ru,Authors and blogs,3750,28,8232
466,TON Whale,https://t.me/tonwhale,en,Authors and blogs,1340,328,8198
467,PAS Community,https://t.me/pas_community,ru,Authors and blogs,167000,86,8061
468,Call Analyser (TON only),https://t.me/callanalyserton,en,Trading and signals,5210,65,8045
469,TONна НЕновостей,https://t.me/ton_notnews,ru,News and media,10600,13,7918
470,Degen Aimin,https://t.me/tearsofaimin,ru,Airdrops and farming,1915,12,7913
471,Fuzyshish,https://t.me/fuzysh1sh,ru,Gifts and NFT,1000,12,7883
472,solana_airdropes,https://t.me/solana_airdropes,ru,Airdrops and farming,39400,47,7830
473,DegeneraTON,https://t.me/degeneratonn,en,Authors and blogs,349,50,7695
474,Xem on Ton,https://t.me/xem_ton,ru,Authors and blogs,1070,24,7667
475,НеВиталий️️️️️️️️️️️️️️️️️️,https://t.me/nevitalik1988,en,Gifts and NFT,1280,86,7608
476,Dia Channel,https://t.me/diaton_channel,ru,Authors and blogs,2880,18,7460
477,Coin Explain,https://t.me/coin_explain_channel,ru,Gifts and NFT,11400,9,6939
478,Криптотелега Рича,https://t.me/cryptotellega,ru,Authors and blogs,579,68,6880
479,hamster blok,https://t.me/hblok,ru,Authors and blogs,244,21,6772
480,TON Meme Wall,https://t.me/tonmemewall,en,Authors and blogs,1890,21,6556
481,ربح العملات الرقمية / cryptocurrency,https://t.me/rabihaleumlat,ar,Airdrops and farming,4770,17,6556
482,CryptoDuck,https://t.me/cryptoduck_ton,ru,Authors and blogs,1260,48,6088
483,TON Domains Web3.0 (author.ton),https://t.me/metanomic,ru,Authors and blogs,638,18,6013
484,Gift Bubbles,https://t.me/giftsbubbles,ru,Gifts and NFT,3380,5,5983
485,JogjaTon - TONCompanion,https://t.me/jogjaton,en,News and media,1900,21,5846
486,Криптозайчик | NFT | TON,https://t.me/cryptozayc,ru,Gifts and NFT,1220,52,5812
487,TON Info,https://t.me/infoton,ru,News and media,5940,5,5760
488,Gifts VEIT - Telegram подарки,https://t.me/giftsveit,ru,Gifts and NFT,392,147,5742
489,ton2kyc,https://t.me/ton2kyc,ru,Authors and blogs,983,80,5712
490,ПОДАРКИ ТЕЛЕГРАМ,https://t.me/podarki_telegram,ru,Gifts and NFT,12200,3,5610
491,Новостник TON,https://t.me/tonthenewses,ru,News and media,1100,530,5501
492,[X5],https://t.me/team_tonx5,ru,Authors and blogs,1420,31,5462
493,NFT подарки,https://t.me/nftgiftssvsem,ru,Gifts and NFT,24700,10,5431
494,BOOST TOKEN,https://t.me/boost_token,ru,Authors and blogs,355,14,5332
495,Tonologia,https://t.me/tonologia,ru,News and media,130000,4,5232
496,ПОДАРКИ БЕНДЕРА | BENDER GIFTS,https://t.me/bendergifts,ru,Gifts and NFT,8860,6,5223
497,Tradoor.io Новости (Russian News) - Торгуйте как легенда,https://t.me/tradoor_io_ru,ru,Trading and signals,25100,29,5189
498,кольт,https://t.me/coltnftcha,ru,Gifts and NFT,81500,3,5180
499,Tonologia Eng,https://t.me/tonologiaeng,en,News and media,668000,4,5017
500,TON NFT | Pterodactyls,https://t.me/tonsaurs,en,Gifts and NFT,1050,14,5000
501,TON's Gifts,https://t.me/tons_gifts,en,Gifts and NFT,4790,12,4977
502,AlphaTon,https://t.me/alphaton,en,Trading and signals,3380,10,4698
503,COOPERXGOD Crypto,https://t.me/crypto_cooper,ru,Authors and blogs,1650,36,4589
504,"Донатор - Заработок, Крипта, Звезды",https://t.me/donator111,ru,Airdrops and farming,3620,8,4579
505,crpto_donald,https://t.me/crpto_donald,ru,Authors and blogs,15900,48,4557
506,Dex,https://t.me/defi_nft21,en,Gifts and NFT,12000,2,4550
507,GRAM CELESTIALS,https://t.me/tontias,en,Authors and blogs,3030,30,4508
508,GiftLand,https://t.me/g1ftland,ru,Gifts and NFT,16200,4,4505
509,TON DeFi • DEX Foundation,https://t.me/tgrfoundation,en,Gifts and NFT,13900,11,4438
510,"Placce || ALL OPEN>STARS, TON, UFS AND RENT GIFT.",https://t.me/placce,en,Gifts and NFT,5430,77,4394
511,FanTon,https://t.me/fan_t0n,ru,Authors and blogs,958,42,4380
512,NFT永久电报用户名上新公示群,https://t.me/haobbb,en,Gifts and NFT,1160,3,4358
513,TON,https://t.me/tonchequesss,ru,Authors and blogs,21000,10,4336
514,Dr. Doge,https://t.me/drawesomedoge,en,Authors and blogs,22227,10,4301
515,$Gramhunters,https://t.me/gramhunters,ru,Airdrops and farming,9540,12,4252
516,openleag,https://t.me/openleag,ru,Authors and blogs,5730,15,4228
517,Cryptocurrency Price Alert,https://t.me/pricealertai,en,Authors and blogs,1420,1,3840
518,MO̷B̷E̷T̷O̷H̷,https://t.me/durnoyton,ru,Gifts and NFT,1910,124,3822
519,ENØTverse,https://t.me/enotverse,ru,Authors and blogs,2860,8,3778
520,Insight TON • News Web3 Trends,https://t.me/libermallcn,en,News and media,12300,41,3752
521,Tinlake Announcement,https://t.me/tinlake_inc,en,Airdrops and farming,9400,3,3711
522,Kartagrama,https://t.me/numbers_ton,en,Gifts and NFT,10400,8,3571
523,iemhash,https://t.me/iemhash,en,Airdrops and farming,99700,1,3370
524,Path Roberto,https://t.me/path_roberto,ru,Authors and blogs,1440,13,3316
525,CryptaMC,https://t.me/cryptamc,ru,Gifts and NFT,562,104,3290
526,CloudyStars Community,https://t.me/cloudystarscommunity,ru,Authors and blogs,2190,7,3287
527,CryptoPepka,https://t.me/cryptapepka,ru,Airdrops and farming,4350,24,3261
528,Manuel Stotz,https://t.me/manuelstotz,en,Authors and blogs,1130,4,3258
529,TON EXPERT,https://t.me/tonexpert911,ru,Authors and blogs,360336,6,3258
530,"AiAi, какой TON",https://t.me/aiaiton,ru,Gifts and NFT,1030,19,3203
531,D&D / CRYPTOMANIA,https://t.me/ddcryptomania,ru,Authors and blogs,83,19,3196
532,TON News — новости TON,https://t.me/tondotnews_rus,ru,News and media,4543,11,3171
533,HEllO TON NFT,https://t.me/hello_nft,en,Gifts and NFT,3050,3,2950
534,Card| Stars| TON |Referral|,https://t.me/referral_game,ru,Authors and blogs,22200,1,2900
535,Подарки Telegram,https://t.me/gift_podark,ru,Gifts and NFT,2230,3,2896
536,dentronftnews,https://t.me/dentronftnews,ru,Gifts and NFT,14300,3,2869
537,Fanton RU,https://t.me/fanton_nft_ru,ru,Gifts and NFT,69100,3,2847
538,TON Chuwee Boys,https://t.me/chuweeboys,ru,Gifts and NFT,1440,1,2720
539,TON Hunter Calls,https://t.me/tonhuntercallss,en,Trading and signals,5200,6,2686
540,Social DeFi on TON,https://t.me/palette,en,Authors and blogs,1180,7,2667
541,BIGTOIN,https://t.me/bigtoin_ton,en,Authors and blogs,3750,33,2620
542,Slowpoke Investments,https://t.me/slowpoke_investments,ru,Investing and analytics,24800,3,2596
543,SCUF COIN | TON,https://t.me/scufcointon,ru,Authors and blogs,7820,18,2510
544,Ton.Fo,https://t.me/tonfo,ru,Airdrops and farming,141000,2,2450
545,Amazing marshal,https://t.me/amazing_marshal,en,Gifts and NFT,1260,7,2410
546,𝙎𝙀𝙉𝙎𝙀𝙄 𝙏𝙊𝙉,https://t.me/senselton,en,Gifts and NFT,2030,57,2391
547,تون لاورز | TonLovers,https://t.me/tonlovers,fa,Authors and blogs,56600,1,2360
548,CARAT | TON MASON,https://t.me/tonmason,ru,Authors and blogs,2570,5,2329
549,Братва kooal'a,https://t.me/bratvakooala,ru,Authors and blogs,252,9,2250
550,крипта скам | мой путь,https://t.me/astorenews,ru,News and media,4900,8,2219
551,Dirham crypto Life,https://t.me/dirham_crypta,ru,Authors and blogs,1100,71,2176
552,Романов Держу в TONе (чуть-чуть),https://t.me/blogtoncoin,ru,Authors and blogs,2920,6,2157
553,TON~GemsHunter #BACK,https://t.me/tongemshunter,en,Trading and signals,1870,6,2126
554,CryptoKotletaChannel,https://t.me/cryptokotletachannel,ru,Authors and blogs,197,11,2101
555,TON Mayor,https://t.me/nextmayor,ru,Authors and blogs,8540,4,2085
556,Gift Menfess.,https://t.me/giftmfs,en,Gifts and NFT,6640,1,2040
557,SINOK,https://t.me/sinok_reward,ru,Authors and blogs,3420,10,1991
558,CyberGift - Подарки Телеграм,https://t.me/cybergift,ru,Gifts and NFT,5240,1,1960
559,Not a Spidey,https://t.me/notaspidey,en,Authors and blogs,58900,1,1960
560,EPOPEE,https://t.me/epopeeofficial,en,Gifts and NFT,4090,9,1959
561,NFT USERNAMES,https://t.me/nftpast,en,Gifts and NFT,149,6,1941
562,EARNY Project Channel,https://t.me/earny_project,en,Airdrops and farming,11000,26,1854
563,𝗜𝗻𝗰𝗼𝗺𝗲 𝟯𝟲𝟵,https://t.me/income3696,en,Airdrops and farming,927,14,1810
564,TON ID,https://t.me/tonidapp,en,Authors and blogs,13800,1,1770
565,TonNewbie EN,https://t.me/tonnewbieen,en,News and media,516000,2,1741
566,TON MUSHROOMs NFT.,https://t.me/ton_mushrooms_nft,ru,Gifts and NFT,3050,19,1706
567,Zeroikins,https://t.me/zeroikins1,ru,News and media,1950,3,1699
568,CHIP,https://t.me/chiptokenkr,ru,Authors and blogs,6140,12,1695
569,"RAUM: Play easy, earn fun!",https://t.me/raum_rocks,en,Airdrops and farming,20100,4,1691
570,Day one | TON,https://t.me/dayoneton,ru,Authors and blogs,183,19,1683
571,Satoshi ₿ ꘜ TON,https://t.me/satoshinakamoton,en,Authors and blogs,53000,4,1654
572,Badger Wasteland Channel,https://t.me/badger_wasteland,en,Gifts and NFT,517,21,1642
573,Digest Set Pink PUP,https://t.me/digest_set,ru,News and media,1550,11,1591
574,Tgram,https://t.me/tgram,ru,News and media,15500,1,1580
575,Крипто Бибизьян,https://t.me/g99gifts,ru,Gifts and NFT,21700,25,1554
576,TON Society SBT !,https://t.me/ton_society_sbt,en,Authors and blogs,79900,2,1538
577,frances,https://t.me/phoneword,en,Gifts and NFT,1460,1,1530
578,Друг Дурова | Friend Durova,https://t.me/frienddurova,ru,Authors and blogs,1060,25,1514
579,Понакодили,https://t.me/nacodili,ru,Authors and blogs,123,7,1513
580,Fragment Community,https://t.me/fragmentscommunity,en,Gifts and NFT,1120,2,1444
581,Super TED,https://t.me/superted,ru,Authors and blogs,11,21,1393
582,billboardton,https://t.me/billboardton,ru,Authors and blogs,1860,6,1310
583,swap.coffee (CIS),https://t.me/swapcoffee_ru,ru,Authors and blogs,18900,1,1300
584,EXTON | News,https://t.me/exc_coin,ru,News and media,1540,4,1260
585,Халявный TON,https://t.me/ton13qj,be,Airdrops and farming,3520,24,1247
586,cartezz,https://t.me/lcartezzl,ru,Gifts and NFT,2100,2,1184
587,TonGame Channel,https://t.me/tongame_app,en,Airdrops and farming,18300,6,1169
588,seymour | chan,https://t.me/seymourchan,ru,Authors and blogs,49,12,1161
589,SHADOW GIFT,https://t.me/shadow_gem,en,Gifts and NFT,1350,11,1160
590,CyberMusk,https://t.me/cybermuk,ru,Gifts and NFT,1370,8,1113
591,Криптоигры,https://t.me/cryptogaming,ru,Airdrops and farming,3830,1,1070
592,WEB3 TON DNS Media,https://t.me/web3tondns,en,News and media,155000,2,1063
593,Cryptopolia - экономическая игра на TON,https://t.me/profit365_official,ru,Authors and blogs,1350,9,1049
594,JET-GRAMs,https://t.me/jett_ton,ru,Authors and blogs,4320,2,997
595,CryptoWorld,https://t.me/freemanybounty,ru,Authors and blogs,1060,13,980
596,Бигтоин,https://t.me/bigtoin366,ru,Authors and blogs,1080,33,972
597,@TGPLITKA |Mining|Gifts|DePIN|RentAI|Node|,https://t.me/tgplitka,en,Gifts and NFT,1550,4,937
598,TON Info English,https://t.me/infotonen,en,Authors and blogs,11900,3,936
599,TON News,https://t.me/tondotnews,en,News and media,618,11,914
600,Hustle Gifts,https://t.me/hustlegiftsgame,ru,Gifts and NFT,1290,5,909
601,OG Bratix,https://t.me/bratixton,ru,Authors and blogs,4510,4,865
602,Dreams of Pepe,https://t.me/giftnftbox,ru,Gifts and NFT,1590,3,817
603,Crypto Meekz,https://t.me/cryptomeekz,ru,Authors and blogs,156,16,813
604,@heykox,https://t.me/heykox,ru,Trading and signals,449,5,804
605,Бекар,https://t.me/bekar_commune,ru,Authors and blogs,4040,7,793
606,The Saudis TON,https://t.me/thesaudis,en,Gifts and NFT,3960,4,788
607,S1dr | NFT подарки,https://t.me/s1drgifts,ru,Gifts and NFT,1180,5,787
608,TON na Kote (EN),https://t.me/scroogerslink,en,Authors and blogs,35400,4,780
609,AndreyReach(TON),https://t.me/tonwikii,ru,Authors and blogs,211,6,765
610,OkoloTONA,https://t.me/blumvideocode_e,ru,Authors and blogs,2160,10,742
611,MEOW | TON,https://t.me/tokenmeow,en,Authors and blogs,3240,12,722
612,Telegram GIFT,https://t.me/gifts_telegram_web3,en,Gifts and NFT,4140,2,692
613,Magma NFT,https://t.me/magma_nft,ru,Gifts and NFT,21500,1,691
614,"Bulat CRYPTO (TON, NFT, Криптовалюты)",https://t.me/bulat_crypto,ru,Gifts and NFT,2830,2,686
615,WONNIE ON TON [RU],https://t.me/wonnieton,ru,Authors and blogs,7200,1,665
616,Gram of TON,https://t.me/gram_of_ethiopia,en,News and media,2020,3,613
617,злой кокос,https://t.me/zloykokoc,ru,Authors and blogs,1290,37,591
618,Crypto_x_Drop,https://t.me/crypto_x_drop,en,Airdrops and farming,61,17,576
619,GRAM Kingdom,https://t.me/tonkingdom,en,Authors and blogs,5160,4,558
620,EggDrops,https://t.me/eggair,en,Airdrops and farming,1000,10,541
621,Cash Up [AMA Radio],https://t.me/cashup007,ru,Authors and blogs,1900,4,535
622,busineskomp,https://t.me/busineskomp,ru,Investing and analytics,250,4,526
623,$DHD Coin | TON Jetton,https://t.me/coindhd,ru,Gifts and NFT,1560,2,520
624,Gift Club,https://t.me/giftclub,en,Gifts and NFT,1890,1,457
625,Rich The TON,https://t.me/richtheton,ru,Authors and blogs,11400,24,450
626,TONкий Хомяк,https://t.me/tonkiyhomyak,ru,Gifts and NFT,5860,1,438
627,Telegram Gifts Marketplace,https://t.me/givnix,en,Gifts and NFT,1270,1,429
628,MOT GROUP,https://t.me/mot_crypto,ru,Investing and analytics,4600,3,386
629,LIFE IN TON,https://t.me/lifeinton,ru,Gifts and NFT,7240,4,379
630,TONBanking Official,https://t.me/tonbanking,en,Authors and blogs,1650,2,374
631,Club Capital,https://t.me/clubcapitalone,en,Gifts and NFT,1210,3,366
632,Telegram & TON NEWS,https://t.me/all_telegram_ton_news,en,News and media,4090,1,350
633,کانال تلگرام خرید فروش تتر | خرید فروش بیت کوین اتریوم بی ان بی سولانا ترون تون کوین گرم گرام استارز | بهترین صرافی ارز دیجیتال,https://t.me/toncoincommunity,fa,Gifts and NFT,5550,1,337
634,Community Pools | Ноткоин / Notcoin пулы,https://t.me/community_pools,en,Authors and blogs,1080,1,317
635,TON Names & VIP Domains,https://t.me/tonnames_rus,ru,Gifts and NFT,2650,1,297
636,PHARAON GIFTS,https://t.me/pharaon_nft,ru,Gifts and NFT,5670,1,294
637,用户名NFT,https://t.me/nft899,en,Gifts and NFT,127,4,293
638,TON France,https://t.me/ton_franceinfo,fr,Authors and blogs,640,1,287
639,Eduton Eng,https://t.me/edutoneng,en,Authors and blogs,127000,1,253
640,BossFlor&DarDanellu,https://t.me/bossflor_dardanellu,ru,Gifts and NFT,106,7,240
641,Tonographia,https://t.me/tonographia,en,Authors and blogs,18800,1,234
642,CRYPTOHOUSE,https://t.me/cryptohouse_ton,ru,Authors and blogs,148,4,229
643,Первый TON,https://t.me/pervui_ton,ru,Authors and blogs,10400,2,225
644,TON TRIBE,https://t.me/tonfricana,en,Authors and blogs,2090,3,207
645,Антон Порошин,https://t.me/antonporoshin,ru,Authors and blogs,86,3,204
646,CryptoChecks,https://t.me/free_xrocket,ru,Authors and blogs,579,4,204
647,Crazy Llama Channel,https://t.me/crazyllamafarmru,ru,Airdrops and farming,1430,1,201
648,GiftWhale [500 TON+],https://t.me/giftwhalesold,en,Gifts and NFT,19700,1,190
649,HEllO TON ( international ),https://t.me/hello_ton,en,Gifts and NFT,1010,2,183
650,itonspace,https://t.me/itonspace,en,Authors and blogs,3220,1,183
651,Путь ХЧК | TON NFT,https://t.me/wayofdhd,ru,Gifts and NFT,1220,3,174
652,просто TON,https://t.me/prosto_ton,ru,Authors and blogs,23200,1,173
653,cryptolifeton,https://t.me/cryptolifeton,ru,Authors and blogs,2650,2,163
654,КриптоАдвокат,https://t.me/ton_advocat,ru,Gifts and NFT,1980,2,158
655,ELC Токен ЭкоЛавушка,https://t.me/elctocen,ru,Authors and blogs,213,2,156
656,Gram SUSHI BAR,https://t.me/farming_coin,ru,Airdrops and farming,1510,1,141
657,MIPS TON,https://t.me/mipseton1,ru,Gifts and NFT,3740,2,126
658,NFT | TON | CARDGEMS,https://t.me/ton_gamenft,en,Gifts and NFT,1200,2,123
659,Криптонит | Play & Earn,https://t.me/cryptonit_oficial,ru,Airdrops and farming,3420,2,118
660,TON Каталогиум • Новости,https://t.me/catalogium_news_rus,ru,News and media,3820,1,111
661,Mickey on TON,https://t.me/mickeygypsyonton,ru,Authors and blogs,1640,1,109
662,Dicaprio Crypto,https://t.me/dicapriocrypto,en,Airdrops and farming,1050,1,105
663,MEDOED,https://t.me/crypto_medoed,ru,Authors and blogs,312,2,97
664,NFT Коты Метавселенной,https://t.me/libermalltr,ru,Gifts and NFT,10200,1,97
665,GiftFlow | NFT News & Giveaways,https://t.me/gifts_giveaaways,ru,Gifts and NFT,5100,1,93
666,In Search of Gem,https://t.me/insearchofgem,ru,Trading and signals,5220,1,70
667,Tech Tushar,https://t.me/cryptomining456,en,Airdrops and farming,99,3,68
668,GiftStage | NFT News & TON,https://t.me/flowsgift,en,Gifts and NFT,4380,1,67
669,ELYSIAN TON,https://t.me/elysianton,ru,Gifts and NFT,5130,1,64
670,Я купил крипту,https://t.me/iboughtcrypto,ru,Authors and blogs,8720,1,60
671,Avo1d | TON,https://t.me/avo1dton,ru,Authors and blogs,2290,1,56
672,HCTv Crypto Update,https://t.me/hctvafrica,en,Authors and blogs,1650,4,47
673,$AUM | YogaFerma - Farm news,https://t.me/community_aum,en,Airdrops and farming,1088,1,45
674,TON - Блокчейн,https://t.me/my_tonblockchain,ru,Authors and blogs,3160,2,45
675,$SMM Community TON №1,https://t.me/smoserviceru,ru,Authors and blogs,13500,1,39
676,"Note me, TON",https://t.me/notemeton,ru,Gifts and NFT,1360,1,37
677,The Sticker Post,https://t.me/thestickerpost,en,Gifts and NFT,3930,1,35
678,FABERGE | CLUB,https://t.me/clubfaberge,ru,Authors and blogs,96800,1,27
679,чеки и всё о WEB3 и TON,https://t.me/platnayareklama5,ru,Authors and blogs,1050,5,23
680,Тапалки | TON Games,https://t.me/libermallkz,ru,Airdrops and farming,10200,1,23
681,𝐂𝐑𝐘𝐏𝐓𝐎 𝐓𝐄𝐂𝐇 𝐍𝐄𝐖𝐒,https://t.me/sinu_crypto,en,Airdrops and farming,1700,1,16
682,Cryptolik,https://t.me/crypto_lik2,ru,Authors and blogs,843,1,13
683,𝐅𝐫𝐞𝐞 𝐓𝐎𝐍,https://t.me/fre_ton,ru,Authors and blogs,8150,1,5
684,Web3_Vibes,https://t.me/w3_vibes,en,Authors and blogs,8820,1,3
685,Moon Market | Digital Collectibles,https://t.me/moonmarketplace,en,Gifts and NFT,2120,1,0
