date,slug,name,field,action,old,new,evidence
2026-10-01,1323vpn,1323vpn,x,remove,https://x.com/TonTakeGame,,"same account listed for unrelated projects: TonTake Bridge, 1323vpn, TonTake (TAKE), TakeRobot, Jetton lucky spin"
2026-10-01,1win,1win 🎰,x,confirm,https://x.com/tonkeeper,https://x.com/tonkeeper,https://t.me/casino_1w_bot
2026-10-01,90rich,90Rich,bot,remove,https://t.me/app_90rich_bot,,username does not exist on t.me on 2026-10-01
2026-10-01,90rich,90Rich,website,remove,https://web.90rich.com,,site is gone: domain does not resolve on 2026-10-01
2026-10-01,90rich,90Rich,x,remove,https://x.com/rich90492056,,"same account listed for unrelated projects: 90Rich, fedafone"
2026-10-01,aas-tap,AAS TAP,x,remove,https://x.com/toon_nation_app,,"same account listed for unrelated projects: ToON Nation, AAS TAP"
2026-10-01,adbuy,AdBuy,x,remove,https://x.com/thetonhub,,"same account listed for unrelated projects: MEXC, Crypton Buy Bot, Cryptonite Scanner, AdBuy, PAPERCOIN"
2026-10-01,adradar,Adradar,telegram,remove,https://t.me/adradar_xyz,,username does not exist on t.me on 2026-10-01
2026-10-01,aec-ton,AEC TON,bot,remove,https://t.me/animal_evolution_coin_bot,,username does not exist on t.me on 2026-10-01
2026-10-01,ai-buddy,AI Buddy,x,remove,https://x.com/cohortX_ai,,"same account listed for unrelated projects: Polyton App, AI Buddy"
2026-10-01,ai-sketch-art,AI Sketch Art,website,remove,https://www.sketchart.ai/,,site is gone: domain does not resolve on 2026-10-01
2026-10-01,aipets,AiPets,telegram,remove,https://t.me/autgfts,,username does not exist on t.me on 2026-10-01
2026-10-01,akedobot,AkedoBot,bot,remove,https://t.me/akedo_bot,,username does not exist on t.me on 2026-10-01
2026-10-01,alert-price-ton,Alert Price TON,x,remove,https://x.com/multi_sender,,"same account listed for unrelated projects: Multisender, Alert Price TON"
2026-10-01,alfa-game,ALFA GAME,x,remove,https://x.com/fizenapp,,"same account listed for unrelated projects: USDt Gift Shop, ALFA GAME"
2026-10-01,alpaca-ai,Alpaca AI,telegram,remove,https://t.me/whalesocials2,,username does not exist on t.me on 2026-10-01
2026-10-01,alpaca-ai,Alpaca AI,website,remove,https://wheelofwhales.io/?start=PofgiUcwpub,,site is gone: http 526 on 2026-10-01
2026-10-01,alpaton,AlpaTON,bot,remove,https://t.me/AlpaTONbot,,username does not exist on t.me on 2026-10-01
2026-10-01,alpaton,AlpaTON,x,remove,https://x.com/Changehero_io,,"same account listed for unrelated projects: ChangeHero Bot, AlpaTON"
2026-10-01,alpha-dex,Alpha Dex,x,confirm,https://x.com/hotdao_,https://x.com/hotdao_,https://t.me/alpha_web3_bot
2026-10-01,altooshkabot,altooshkabot,x,confirm,https://x.com/altooshka_ton,https://x.com/altooshka_ton,https://t.me/altooshka_bot
2026-10-01,aqua-genesis-nfts,Aqua Genesis NFTs,bot,remove,https://t.me/rigelappbot,,username does not exist on t.me on 2026-10-01
2026-10-01,askton,AskTon,x,remove,https://x.com/directual,,"same account listed for unrelated projects: Directual no-code, AskTon"
2026-10-01,auto-orbit,Auto Orbit,telegram,remove,https://t.me/autoorbitbot,,username does not exist on t.me on 2026-10-01
2026-10-01,azbit,Azbit,telegram,remove,https://t.me/NFT_Market_HYBRA,,username does not exist on t.me on 2026-10-01
2026-10-01,babyton,BABYTON,telegram,remove,https://t.me/babyyton,,username does not exist on t.me on 2026-10-01
2026-10-01,bankcoin,Bankcoin,x,confirm,https://x.com/realDogsHouse,https://x.com/realDogsHouse,https://t.me/bankcoins_bot
2026-10-01,base-bear-cutie,Base Bear Cutie,x,remove,https://x.com/DefiLlama,,"same account listed for unrelated projects: DefiLlama, Base Bear Cutie"
2026-10-01,battleofmemes,BattleOfMemes,website,remove,https://headgun.org/,,site is gone: http 404 on 2026-10-01
2026-10-01,be-taurus,Be Taurus,telegram,remove,https://t.me/be_taurus,,username does not exist on t.me on 2026-10-01
2026-10-01,be-taurus,Be Taurus,website,remove,https://betaurus.io,,site is gone: domain does not resolve on 2026-10-01
2026-10-01,beamtapbot,BeamTapBot,x,remove,https://x.com/Gatto_game,,"same account listed for unrelated projects: Gatto, BeamTapBot"
2026-10-01,beecoin,BeeCoin,website,remove,https://beecoin.finance/,,site is gone: domain does not resolve on 2026-10-01
2026-10-01,beertap-game,BEERTAP GAME,website,remove,https://beercoin2.wtf/,,site is gone: http 402 on 2026-10-01
2026-10-01,beeton,BeeTon,x,remove,https://x.com/fintopio,,"same account listed for unrelated projects: OKX, Fintopio, BeeTon"
2026-10-01,beeverse-by-nctr,BeeVerse By NCTR,x,remove,https://x.com/TRUExWorld,,"same account listed for unrelated projects: BeeVerse By NCTR, Truecoin"
2026-10-01,behappy,BeHappy,x,confirm,https://x.com/TractionEye,https://x.com/TractionEye,https://t.me/ibehappybot
2026-10-01,behind,behind,x,remove,https://x.com/TomCoinBnb,,"same account listed for unrelated projects: behind, TomClicker"
2026-10-01,bettor-whales,Bettor Whales,x,remove,https://x.com/OlaWealth_xyz,,"same account listed for unrelated projects: EXOUSDT Farming Bot APP, Bettor Whales"
2026-10-01,bfdcoin,BFDCoin,website,remove,https://presale.bfdcoin.org,,site is gone: domain does not resolve on 2026-10-01
2026-10-01,bfinance,BFinance,website,replace,https://bfinance.space,https://bfinance.app,https://t.me/bfinancepay (old site: http no answer)
2026-10-01,billybob,BillyBob,website,remove,https://nftkeeper.org/,,site is gone: domain does not resolve on 2026-10-01
2026-10-01,bimcoin-ton-defi-protocol,Bimcoin - TON DeFi Protocol.,website,confirm,https://bimlight.org,https://bimlight.org,https://bimlight.org (page title)
2026-10-01,bime,BIME,x,confirm,https://x.com/btc_is_meme,https://x.com/btc_is_meme,https://t.me/bime_ann
2026-10-01,bitbot,Bitbot,x,remove,https://x.com/TapJenix,,"same account listed for unrelated projects: Bitbot, Tapjenix"
2026-10-01,bitpapa,Bitpapa,x,replace,https://x.com/ton_meme_trader,https://x.com/bitpapa_io,https://bitpapa.com
2026-10-01,bivreost-wallet,Bivreost Wallet,x,remove,https://x.com/Tools_MiniApps,,"same account listed for unrelated projects: Bivreost Wallet, T - Card"
2026-10-01,bix-games,BIX Games,x,remove,https://x.com/di_sob,,"same account listed for unrelated projects: Pepes Frogbar, BIX Games"
2026-10-01,blaze-ember,Blaze Ember,x,remove,https://x.com/beeharvestton,,"same account listed for unrelated projects: Bee Harvest, Blaze Ember"
2026-10-01,buck,Buck,x,remove,https://x.com/ClaytonOnTon,,"same account listed for unrelated projects: Buck, Clayton Game"
2026-10-01,bunnyapp,BunnyApp,x,remove,https://x.com/SeedCombinator,,"same account listed for unrelated projects: BunnyApp, SEED"
2026-10-01,butterflys,Butterflys,x,confirm,https://x.com/Butterflyonton,https://x.com/Butterflyonton,https://t.me/realbutterflys_bot
2026-10-01,capton-play,Capton Play,telegram,remove,https://t.me/captonplay,,username does not exist on t.me on 2026-10-01
2026-10-01,cashbacker,Cashbacker,x,remove,https://x.com/pitzaton,,"same account listed for unrelated projects: PizzaTon, Cashbacker"
2026-10-01,cat-hunter,Cat Hunter,bot,remove,https://t.me/cathunterx_bot,,username does not exist on t.me on 2026-10-01
2026-10-01,cat-planets,Cat Planets,bot,remove,https://t.me/CatPlanetsBot,,username does not exist on t.me on 2026-10-01
2026-10-01,cat-planets,Cat Planets,telegram,remove,https://t.me/catplanetsann,,username does not exist on t.me on 2026-10-01
2026-10-01,catallaxy,Catallaxy,website,confirm,https://ctlx.cc,https://ctlx.cc,https://ctlx.cc (page title)
2026-10-01,catgram,CatGram,x,confirm,https://x.com/catdotio,https://x.com/catdotio,https://t.me/catgram_official
2026-10-01,catia-eduverse,Catia Eduverse,telegram,remove,https://t.me/Catia_Official,,username does not exist on t.me on 2026-10-01
2026-10-01,catopia,Catopia,telegram,remove,https://t.me/Catopia_game,,username does not exist on t.me on 2026-10-01
2026-10-01,cattonai,CattonAi,x,remove,https://x.com/Cattontw,,"same account listed for unrelated projects: CattonAi, CrabsTap by $CRABS🦀"
2026-10-01,cexio-power-tap,CEXIO Power Tap,website,confirm,https://earn.cex.io/,https://earn.cex.io/,https://earn.cex.io/ (page title)
2026-10-01,challenquizbot,ChallenQuizBot,x,remove,https://x.com/zggycoin,,"same account listed for unrelated projects: ZGGY, ChallenQuizBot"
2026-10-01,changelly,Changelly,x,remove,https://x.com/excoino,,"same account listed for unrelated projects: Excoino, Changelly"
2026-10-01,characterx,CharacterX,website,remove,https://unknown-coin.com,,site is gone: domain does not resolve on 2026-10-01
2026-10-01,characterx,CharacterX,x,remove,https://x.com/unk_coin,,"same account listed for unrelated projects: Unknown, CharacterX"
2026-10-01,chess-zombies-project,Chess Zombies project,x,remove,https://x.com/SHEDEVERstudio,,"same account listed for unrelated projects: Hare, Chess Zombies project"
2026-10-01,chessio,Chessio,website,remove,https://chessio.org,,site is gone: domain does not resolve on 2026-10-01
2026-10-01,cielo-free-bot-1,Cielo Free Bot 1,x,remove,https://x.com/Utya_game,,"same account listed for unrelated projects: Cielo Free Bot 1, UTYA"
2026-10-01,clickmiobot,Clickmiobot,website,confirm,https://miomi.game/games/?game=kick-mio,https://miomi.game/games/?game=kick-mio,https://t.me/miomigame
2026-10-01,clickmiobot,Clickmiobot,x,confirm,https://x.com/miomi_game,https://x.com/miomi_game,https://t.me/clickmio_bot
2026-10-01,clout,Clout,x,confirm,https://x.com/offsetyrn,https://x.com/offsetyrn,https://t.me/CloutCoinSol
2026-10-01,clowntown,ClownTown,x,remove,https://x.com/FightBrawl_Ton,,"same account listed for unrelated projects: Fight Brawl, ClownTown"
2026-10-01,coffinmeme-jqsnmp,CoffinMeme,website,confirm,https://coffin.meme,https://coffin.meme,https://coffin.meme (page title)
2026-10-01,coinchance,CoinChance,x,remove,https://x.com/zombiesquad_ai,,"same account listed for unrelated projects: CoinChance, ZombieSquad"
2026-10-01,coincraze,Coincraze,website,remove,https://coincraze.ai,,site is gone: domain does not resolve on 2026-10-01
2026-10-01,coinrobot,CoinRobot,x,remove,https://x.com/polkaswap,,"same account listed for unrelated projects: Polkaswap DEX, CoinRobot"
2026-10-01,commander,Commander,bot,remove,https://t.me/commander_ton_bot,,username does not exist on t.me on 2026-10-01
2026-10-01,cowtopia-mbalbf,Cowtopia,bot,remove,https://t.me/cowtopiabot,,username does not exist on t.me on 2026-10-01
2026-10-01,coytx,COYTX,github,remove,https://github.com/kir32232/coytx,,GitHub returns 404 on 2026-10-01
2026-10-01,crabstap-by-crabs,CrabsTap by $CRABS🦀,x,remove,https://x.com/Cattontw,,"same account listed for unrelated projects: CattonAi, CrabsTap by $CRABS🦀"
2026-10-01,crazy-llama-english,Crazy Llama English,website,remove,https://crazyllama.farm,,site is gone: domain does not resolve on 2026-10-01
2026-10-01,crona,CRONA,bot,remove,https://t.me/crona_game_bot,,username does not exist on t.me on 2026-10-01
2026-10-01,crona,CRONA,x,remove,https://x.com/sociafober,,"same account listed for unrelated projects: CRONA, Sociafober"
2026-10-01,crossfi-tap,CrossFi Tap,x,remove,https://x.com/Hamsterdam_ton,,"same account listed for unrelated projects: Hamsterdam, CrossFi Tap"
2026-10-01,crypto-mason-game,Crypto Mason Game,website,remove,https://cryptomasonsgame.com,,site is gone: domain does not resolve on 2026-10-01
2026-10-01,crypto-wallet,Crypto 👛 Wallet,website,remove,https://w-crypto.io,,site is gone: domain does not resolve on 2026-10-01
2026-10-01,cryptohacker,CryptoHacker,bot,remove,https://t.me/CryptoHackerGame_bot,,username does not exist on t.me on 2026-10-01
2026-10-01,cryptohalva,Криптохалва,x,remove,https://x.com/jettongames,,"same account listed for unrelated projects: Криптохалва, JetTon Games"
2026-10-01,crypton-buy-bot,Crypton Buy Bot,x,remove,https://x.com/thetonhub,,"same account listed for unrelated projects: MEXC, Crypton Buy Bot, Cryptonite Scanner, AdBuy, PAPERCOIN"
2026-10-01,cryptonite-scanner,Cryptonite Scanner,x,remove,https://x.com/thetonhub,,"same account listed for unrelated projects: MEXC, Crypton Buy Bot, Cryptonite Scanner, AdBuy, PAPERCOIN"
2026-10-01,cryptoriskygamecalls,CryptoRiskyGameCalls,x,remove,https://x.com/CrgCalls,,"same account listed for unrelated projects: CryptoRiskyGameCalls, MemeFi Coin"
2026-10-01,cryptoriviera,CryptoRiviera,bot,remove,https://t.me/Crypto_Riviera_bot,,username does not exist on t.me on 2026-10-01
2026-10-01,cryptoriviera,CryptoRiviera,telegram,remove,https://t.me/CryptoRivieraNews,,username does not exist on t.me on 2026-10-01
2026-10-01,cryptoworms,CryptoWorms,x,remove,https://x.com/minexton_bot,,"same account listed for unrelated projects: CryptoWorms, MineX"
2026-10-01,cubes,Cubes,x,remove,https://x.com/TractionEye,,"same account listed for unrelated projects: Development Wallet, TractionEye, Cubes, BeHappy"
2026-10-01,cyber-village,Cyber Village,x,remove,https://x.com/mogifts312,,"same account listed for unrelated projects: Nomiswap, Cyber Village, Lucky Draw Master"
2026-10-01,dcl-bot,DCL BOT,bot,remove,https://t.me/dcl1bot,,username does not exist on t.me on 2026-10-01
2026-10-01,deadcoin,DeadCoin,x,remove,https://x.com/notmeme_app,,"same account listed for unrelated projects: DeadCoin, NOTMEME app"
2026-10-01,decrypton-l6k7v7,DecrypTON,telegram,remove,https://t.me/Decryp_TON,,username does not exist on t.me on 2026-10-01
2026-10-01,degenerative,degenerative,x,confirm,https://x.com/degespace,https://x.com/degespace,https://degenerative.space
2026-10-01,delab,DeLab,website,remove,https://delabteam.com,,site is gone: domain does not resolve on 2026-10-01
2026-10-01,development-wallet,Development Wallet,x,remove,https://x.com/TractionEye,,"same account listed for unrelated projects: Development Wallet, TractionEye, Cubes, BeHappy"
2026-10-01,devomon,Devomon,x,remove,https://x.com/tonbetapp,,"same account listed for unrelated projects: Devomon, Tonbet App"
2026-10-01,dewallet,DeWallet,x,remove,https://x.com/PurrFund,,"same account listed for unrelated projects: DeWallet, Purr.Fund"
2026-10-01,direct-games-bot,Direct Games Bot,x,remove,https://x.com/Otter_Loot,,"same account listed for unrelated projects: Direct Games Bot, Otter Loot"
2026-10-01,dnevnik-razrabotchika-na-ton,Дневник разработчика на TON,x,remove,https://x.com/loto_panda,,"same account listed for unrelated projects: Дневник разработчика на TON, Panda loto"
2026-10-01,dogenance,DOGENANCE,x,remove,https://x.com/clarnium_io,,"same account listed for unrelated projects: DOGENANCE, Clarnium Games"
2026-10-01,dogepee,DogePee,github,remove,https://github.com/KibbleExchange/kibble-mini-app,,GitHub returns 404 on 2026-10-01
2026-10-01,dogizen,Dogizen,x,confirm,https://x.com/unstoppablebyhs,https://x.com/unstoppablebyhs,https://t.me/dogizen_official_robot
2026-10-01,dropee,Dropee,x,remove,https://x.com/lunaornot,,"same account listed for unrelated projects: LONFT Alerts, Dropee"
2026-10-01,dualcoin,Dualcoin,bot,remove,https://t.me/notgram_game_bot,,username does not exist on t.me on 2026-10-01
2026-10-01,duppicoin-fim19z,DuppiCOIN,x,remove,https://x.com/BlockCardTON,,"same account listed for unrelated projects: Block Card Future, DuppiCOIN"
2026-10-01,dynabit-app,Dynabit App,x,remove,https://x.com/xpnetwork_,,"same account listed for unrelated projects: XP.NETWORK, Dynabit App"
2026-10-01,ecohero,EcoHero,x,replace,https://x.com/layerswap,https://x.com/echa_ecohero,https://t.me/ECHA_EcoHero
2026-10-01,edchess,EdChess,website,remove,https://padton.com/,,site is gone: http 522 on 2026-10-01
2026-10-01,efootballmanager,efootballmanager,x,remove,https://x.com/EFM_TON,,"same account listed for unrelated projects: efootballmanager, Ordeez Airdrop"
2026-10-01,el-ton,EL TON,x,remove,https://x.com/WeAreCatia,,"same account listed for unrelated projects: EL TON, Catia Eduverse"
2026-10-01,election-wars,Election Wars,website,remove,https://delabteam.com,,site is gone: domain does not resolve on 2026-10-01
2026-10-01,elympics,Elympics,telegram,remove,https://t.me/FoxiCoinBot,,username does not exist on t.me on 2026-10-01
2026-10-01,elympics,Elympics,website,remove,https://foxiscoin.com/,,site is gone: domain does not resolve on 2026-10-01
2026-10-01,exchangel,Exchangel,x,remove,https://x.com/onmetahq,,"same account listed for unrelated projects: Onmeta, Exchangel"
2026-10-01,exmo,EXMO,x,remove,https://x.com/grindery_io,,"same account listed for unrelated projects: EXMO, TreasureTapper"
2026-10-01,exousdt-farming-bot-app,EXOUSDT Farming Bot APP,x,remove,https://x.com/OlaWealth_xyz,,"same account listed for unrelated projects: EXOUSDT Farming Bot APP, Bettor Whales"
2026-10-01,exton,EXTON,x,remove,https://x.com/depinsim,,"same account listed for unrelated projects: EXTON, Depinsim"
2026-10-01,fairgram,FairGram,x,remove,https://x.com/cephei_fi,,"same account listed for unrelated projects: Cephei Bot, FairGram"
2026-10-01,fantasygame-bitplay,FantasyGame - BitPlay,telegram,remove,https://t.me/catplanetsann,,username does not exist on t.me on 2026-10-01
2026-10-01,fantasygame-bitplay,FantasyGame - BitPlay,x,remove,https://x.com/catplanetstg,,"same account listed for unrelated projects: Cat Planets, FantasyGame - BitPlay"
2026-10-01,fanzee,Fanzee,website,confirm,https://app.fanz.ee/staking,https://app.fanz.ee/staking,https://app.fanz.ee/staking (page title)
2026-10-01,farty-beetle-nft-bot,Farty Beetle NFT Bot,x,remove,https://x.com/PumpGameIO,,"same account listed for unrelated projects: Farty Beetle NFT Bot, Pump Game"
2026-10-01,fast-food-memes,Fast Food Memes,x,remove,https://x.com/BombCryptoGame,,"same account listed for unrelated projects: Fast Food Memes, Bomb Crypto BCOIN"
2026-10-01,fedafone,fedafone,bot,remove,https://t.me/app_90rich_bot,,username does not exist on t.me on 2026-10-01
2026-10-01,fedafone,fedafone,x,remove,https://x.com/rich90492056,,"same account listed for unrelated projects: 90Rich, fedafone"
2026-10-01,fingerprint-scanner,Fingerprint Scanner,website,remove,https://nft.mir.one/fingerprints,,site is gone: domain does not resolve on 2026-10-01
2026-10-01,fingerprint-scanner,Fingerprint Scanner,x,remove,https://x.com/catidpaw,,"same account listed for unrelated projects: Cat ID Paws, Fingerprint Scanner"
2026-10-01,fireton-drop,FireTon Drop,x,remove,https://x.com/moklgamefi,,"same account listed for unrelated projects: FireTon Drop, Mortal Klicker"
2026-10-01,fnot-13-12,$FNOT 13:12,x,remove,https://x.com/ston_fi,,"same account listed for unrelated projects: STON.fi, STON.fi Bot, STON, $FNOT 13:12"
2026-10-01,foliotrade,FolioTrade,website,confirm,https://trade.foliostack.net,https://trade.foliostack.net,https://trade.foliostack.net (page title)
2026-10-01,fragment-checker-bot,Fragment Checker Bot,bot,remove,https://t.me/optsnap_bot,,username does not exist on t.me on 2026-10-01
2026-10-01,fragment-username,Fragment @username,x,remove,https://x.com/Pie_Exchange,,"same account listed for unrelated projects: Fragment @username, Join Studihub"
2026-10-01,frog-farm,Frog Farm,x,remove,https://x.com/pet_tap_tap,,"same account listed for unrelated projects: PET TAP TAP, Frog Farm"
2026-10-01,gain-bot,Gain Bot,x,remove,https://x.com/uniton_official,,"same account listed for unrelated projects: Gain Bot, UTN Staking"
2026-10-01,galacoin,GALACoin,x,remove,https://x.com/WinkFinance,,"same account listed for unrelated projects: GALACoin, WINK LEGACY"
2026-10-01,gamebot,GameBot,x,remove,https://x.com/CowtopiaTON,,"same account listed for unrelated projects: Cowtopia, GameBot"
2026-10-01,games-platform,Games Platform,bot,remove,https://t.me/instantgames_bot,,username does not exist on t.me on 2026-10-01
2026-10-01,gate-io,Gate,x,remove,https://x.com/swapsterteam,,"same account listed for unrelated projects: Swapster, Gate"
2026-10-01,gem-wallet,Gem Wallet,bot,remove,https://t.me/deguardvpn_bot,,username does not exist on t.me on 2026-10-01
2026-10-01,getgems-mtmajh,Getgems,bot,remove,https://t.me/wallet_arbitragescanner_bot,,username does not exist on t.me on 2026-10-01
2026-10-01,giftx-ai-wishlist,GiftX: AI Wishlist,bot,remove,https://t.me/giftx_community_ru,,username does not exist on t.me on 2026-10-01
2026-10-01,giga-game,Giga Game,x,remove,https://x.com/Arenaweb3,,"same account listed for unrelated projects: Arena Games, Giga Game"
2026-10-01,globula,GLOBULA,x,remove,https://x.com/PiBridgeOrg,,"same account listed for unrelated projects: GLOBULA, TPIB Token"
2026-10-01,gmai,GMAI,x,confirm,https://x.com/gm_dot_ai,https://x.com/gm_dot_ai,https://docs.gm.ai/how-we-work/gmai-framework
2026-10-01,goldversebot,GoldVerseBot,x,remove,https://x.com/GAMEEToken,,"same account listed for unrelated projects: GoldVerseBot, GAMEE"
2026-10-01,greedy-ball,Greedy Ball,x,replace,https://x.com/cardify_ton,https://x.com/greedy_ball,https://t.me/greedy_ball
2026-10-01,greenorred,GreenOrRed,x,remove,https://x.com/Petoshi_Blast,,"same account listed for unrelated projects: PetTap, GreenOrRed"
2026-10-01,groypfi,@GroypFi_bot,x,confirm,https://x.com/groyp_on_ton,https://x.com/groyp_on_ton,https://groypfi.io/
2026-10-01,gu-i-coin-runner-game,Gu$$i coin runner Game,website,remove,https://landing.m2fund.io/,,site is gone: domain does not resolve on 2026-10-01
2026-10-01,gvws,GVWS,x,confirm,https://x.com/tecteam_,https://x.com/tecteam_,https://t.me/gvws_bot
2026-10-01,hamster-kombat,Hamster Kombat,website,remove,https://hamster.network,,site is gone: domain does not resolve on 2026-10-01
2026-10-01,hamstergo,HamsterGo,x,remove,https://x.com/onai_official,,"same account listed for unrelated projects: onai_galaxy_blaster, HamsterGo"
2026-10-01,happy-farmer,Happy Farmer,x,replace,https://x.com/cropandrob,https://x.com/happyfarmerapp,https://t.me/happyfarmer_official
2026-10-01,hare,Hare,x,remove,https://x.com/SHEDEVERstudio,,"same account listed for unrelated projects: Hare, Chess Zombies project"
2026-10-01,headcoin,Headcoin,website,remove,https://headgun.org/,,site is gone: http 404 on 2026-10-01
2026-10-01,hexacore-gaming-universe,Hexacore Gaming Universe,x,remove,https://x.com/meme_capybara,,"same account listed for unrelated projects: Hexacore Gaming Universe, Capybara MEME"
2026-10-01,hexmine,#HexMine,telegram,remove,https://t.me/hexminecoin,,username does not exist on t.me on 2026-10-01
2026-10-01,horizon-launch,Horizon Launch,x,remove,https://x.com/smoke_solana,,"same account listed for unrelated projects: Horizon Launch, SMOKE Airdrop"
2026-10-01,host-tg,Host.tg,telegram,remove,https://t.me/hosteventbot,,username does not exist on t.me on 2026-10-01
2026-10-01,hrum,Hrum,x,confirm,https://x.com/tonco_io,https://x.com/tonco_io,https://t.me/hrumfam
2026-10-01,hybrid-mini-app,Hybrid Mini App,x,remove,https://x.com/SiriusPad_,,"same account listed for unrelated projects: Hybrid Mini App, SiriusTap"
2026-10-01,icefarm,IceFarm,x,remove,https://x.com/useTONMemes,,"same account listed for unrelated projects: TON of Memes, IceFarm"
2026-10-01,instant-games,Instant Games,telegram,remove,https://t.me/instantgames_bot,,username does not exist on t.me on 2026-10-01
2026-10-01,intellij-idea-plugin,IntelliJ Idea plugin,bot,remove,https://t.me/actiquest_bot,,username does not exist on t.me on 2026-10-01
2026-10-01,irisapp,IrisApp,website,confirm,https://iristoken.io/,https://iristoken.io/,https://iristoken.io/ (page title)
2026-10-01,irisapp,IrisApp,x,confirm,https://x.com/Iris_token,https://x.com/Iris_token,https://iristoken.io/
2026-10-01,island3,island3,x,remove,https://x.com/rangersprotocol,,"same account listed for unrelated projects: Matrix Wallet, island3"
2026-10-01,ivendpay,iVendPay,telegram,remove,https://t.me/ivendpay,,username does not exist on t.me on 2026-10-01
2026-10-01,jetton-lucky-spin,Jetton lucky spin,x,remove,https://x.com/TonTakeGame,,"same account listed for unrelated projects: TonTake Bridge, 1323vpn, TonTake (TAKE), TakeRobot, Jetton lucky spin"
2026-10-01,jettontonguard,JettonTonGuard,website,confirm,https://app.scriptsnap.site/,https://app.scriptsnap.site/,https://app.scriptsnap.site/ (page title)
2026-10-01,join-studihub,Join Studihub,x,remove,https://x.com/pie_exchange,,"same account listed for unrelated projects: Fragment @username, Join Studihub"
2026-10-01,joker,Joker,telegram,remove,https://t.me/moki_ag,,username does not exist on t.me on 2026-10-01
2026-10-01,joker,Joker,website,remove,https://moki.ag/,,site is gone: domain does not resolve on 2026-10-01
2026-10-01,kametap,KameTap,website,remove,https://clicker.space,,site is gone: domain does not resolve on 2026-10-01
2026-10-01,kametap,KameTap,x,remove,https://x.com/clickerfarm,,"same account listed for unrelated projects: KameTap, FARM CLICKER"
2026-10-01,keko-killer,Keko Killer,x,remove,https://x.com/letsexchange_io,,"same account listed for unrelated projects: LetsExchange.io, Keko Killer"
2026-10-01,khomyakovo-gov,Khomyakovo GOV,x,remove,https://x.com/tonstonks,,"same account listed for unrelated projects: Bitget, sTONks  / Buy Bot, Khomyakovo GOV"
2026-10-01,kibble-exchange,Kibble Exchange,github,remove,https://github.com/KibbleExchange/kibble-mini-app,,GitHub returns 404 on 2026-10-01
2026-10-01,kibble-exchange,Kibble Exchange,website,remove,https://app.kibble.exchange/,,site is gone: domain does not resolve on 2026-10-01
2026-10-01,kismi-app,KISMI.APP,bot,remove,https://t.me/kismiapp_bot,,username does not exist on t.me on 2026-10-01
2026-10-01,kismi-app,KISMI.APP,telegram,remove,https://t.me/kismiapp,,username does not exist on t.me on 2026-10-01
2026-10-01,kismi-app,KISMI.APP,website,remove,https://kismi.app/,,site is gone: http 522 on 2026-10-01
2026-10-01,landrocker-miner,Landrocker Miner,github,remove,https://github.com/infinite8fze,,GitHub returns 404 on 2026-10-01
2026-10-01,lbank-exchange,LBank Exchange,website,remove,https://www.lbank.com/trade/ton_usdt/,,site is gone: http 404 on 2026-10-01
2026-10-01,lbank-exchange,LBank Exchange,x,remove,https://x.com/nexabitHQ,,"same account listed for unrelated projects: LBank Exchange, NexaBit AI"
2026-10-01,leagushqa-bot,Leagushqa Bot,x,remove,https://x.com/Cwalletofficial,,"same account listed for unrelated projects: Cwallet, Leagushqa Bot"
2026-10-01,live-price-toncoin,Live Price TonCoin,x,remove,https://x.com/FantasyFanton,,"same account listed for unrelated projects: Live Price TonCoin, Fanton Fantasy Football, Fanton"
2026-10-01,loa-hero,LOA Hero,x,confirm,https://x.com/opensea,https://x.com/opensea,https://t.me/loa_hero_bot
2026-10-01,lonetoken-cabot,LoneToken CABOT,bot,remove,https://t.me/lonetokencabot,,username does not exist on t.me on 2026-10-01
2026-10-01,lonetoken-cabot,LoneToken CABOT,x,remove,https://x.com/TokenLone,,"same account listed for unrelated projects: LoneToken CABOT, Lost Cats"
2026-10-01,lonft-alerts,LONFT Alerts,bot,remove,https://t.me/lonftbot,,username does not exist on t.me on 2026-10-01
2026-10-01,lonft-alerts,LONFT Alerts,x,remove,https://x.com/lunaornot,,"same account listed for unrelated projects: LONFT Alerts, Dropee"
2026-10-01,lost-cats,Lost Cats,bot,remove,https://t.me/lostcatsappbot,,username does not exist on t.me on 2026-10-01
2026-10-01,lost-cats,Lost Cats,x,remove,https://x.com/TokenLone,,"same account listed for unrelated projects: LoneToken CABOT, Lost Cats"
2026-10-01,luckydrawmaster,Lucky Draw Master,website,remove,https://www.moboost.xyz/,,site is gone: http 525 on 2026-10-01
2026-10-01,luckydrawmaster,Lucky Draw Master,x,remove,https://x.com/mogifts312,,"same account listed for unrelated projects: Nomiswap, Cyber Village, Lucky Draw Master"
2026-10-01,lumberjackgame,LumberJackGame,website,remove,https://www.tonspay.top,,site is gone: http 404 on 2026-10-01
2026-10-01,lumberjackgame,LumberJackGame,x,remove,https://x.com/tonsprotocols,,"same account listed for unrelated projects: Tonspay, LumberJackGame"
2026-10-01,lumo,LUMO,x,remove,https://x.com/gemseeton,,"same account listed for unrelated projects: LUMO, Gemsee"
2026-10-01,mafiadao,MafiaDAO,website,remove,https://web3co.xyz,,site is gone: domain does not resolve on 2026-10-01
2026-10-01,mafiadao,MafiaDAO,x,confirm,https://x.com/mafiada0,https://x.com/mafiada0,https://t.me/MafiaDAO
2026-10-01,magic-pot,Magic Pot,x,remove,https://x.com/Hangarxio,,"same account listed for unrelated projects: HangarX Gaming, Magic Pot"
2026-10-01,majyotreasurebot,MajyoTreasureBot,x,confirm,https://x.com/MajyoGame,https://x.com/MajyoGame,https://t.me/majyotreasurebot
2026-10-01,manage-ton-subdomain,Manage Ton Subdomain,x,remove,https://x.com/earnigram,,"same account listed for unrelated projects: Vanity TON, WhoWhere, Manage Ton Subdomain"
2026-10-01,market-playmuse,Market Playmuse,website,replace,https://market.playmuse.org/,https://playmuse.org,https://t.me/playmuse (old site: http no answer)
2026-10-01,mars-dex,MARS DEX,x,remove,https://x.com/TonPlanets,,"same account listed for unrelated projects: MARS DEX, TON Pay"
2026-10-01,matrix-wallet,Matrix Wallet,x,remove,https://x.com/rangersprotocol,,"same account listed for unrelated projects: Matrix Wallet, island3"
2026-10-01,matrixport,Matrixport,x,remove,https://x.com/BITofficial_EN,,"same account listed for unrelated projects: BIT, Matrixport"
2026-10-01,maxi-game,Maxi GAME,x,remove,https://x.com/chancetg_app,,"same account listed for unrelated projects: Maxi GAME, Chance Bot"
2026-10-01,memecatsbot,MemeCatsBot,x,confirm,https://x.com/MemeCatsXYZ,https://x.com/MemeCatsXYZ,https://t.me/imemecatsbot
2026-10-01,memefi-coin,MemeFi Coin,x,remove,https://x.com/CrgCalls,,"same account listed for unrelated projects: CryptoRiskyGameCalls, MemeFi Coin"
2026-10-01,memexzone,MemexZone,website,remove,https://memex.zone,,site is gone: domain does not resolve on 2026-10-01
2026-10-01,merge-pals,Merge Pals,website,remove,https://lucky.vote,,site is gone: domain does not resolve on 2026-10-01
2026-10-01,mexc-cex,MEXC,x,replace,https://x.com/thetonhub,https://x.com/mexc,https://t.me/mexcofficialnews
2026-10-01,minter,Minter,x,remove,https://x.com/mooniniofficial,,"same account listed for unrelated projects: Minter, moonpacket"
2026-10-01,mintodinos-staking,MINTODINOS Staking,bot,remove,https://t.me/mintodinos_staking_bot,,username does not exist on t.me on 2026-10-01
2026-10-01,mintodinos-staking,MINTODINOS Staking,telegram,remove,https://t.me/mintodinos,,username does not exist on t.me on 2026-10-01
2026-10-01,mirrion-beyond,Mirrion Beyond,website,confirm,https://store.steampowered.com/?snr=1_1056_4_18_global-header&curator_clanid=45363409,https://store.steampowered.com/?snr=1_1056_4_18_global-header&curator_clanid=45363409,https://t.me/MirrionBeyond
2026-10-01,mixin-messenger,Mixin Messenger,x,remove,https://x.com/TokenBulksender,,"same account listed for unrelated projects: Mixin Messenger, TON Bulksender"
2026-10-01,mnimyi-v-kripte,Мнимый в крипте,x,remove,https://x.com/pixilandsocial,,"same account listed for unrelated projects: Мнимый в крипте, Pixiland"
2026-10-01,mole,Mole,x,remove,https://x.com/KoloHub,,"same account listed for unrelated projects: Kolo Bot, Mole"
2026-10-01,momoai-abdmcn,MomoAI,x,confirm,https://x.com/Metaoasis_,https://x.com/Metaoasis_,https://t.me/metaoasis_official
2026-10-01,mono-farm,Mono Farm🍀,bot,remove,https://t.me/MonoFarmBot,,username does not exist on t.me on 2026-10-01
2026-10-01,mono-farm,Mono Farm🍀,telegram,remove,https://t.me/MonoFarmCN,,username does not exist on t.me on 2026-10-01
2026-10-01,mono-farm,Mono Farm🍀,x,remove,https://x.com/Glow_Stories,,"same account listed for unrelated projects: Glow, Mono Farm🍀"
2026-10-01,monorix,Monorix,bot,remove,https://t.me/monorixbot,,username does not exist on t.me on 2026-10-01
2026-10-01,monsterrr,MonsteRRR,x,remove,https://x.com/anonclub8,,"same account listed for unrelated projects: ANON Space, MonsteRRR"
2026-10-01,mooli,Mooli,website,remove,https://ton.mooli.app/,,site is gone: domain does not resolve on 2026-10-01
2026-10-01,moon-app,MOON App,x,remove,https://x.com/EntertaimentCGS,,"same account listed for unrelated projects: CryptoMine CGS, MOON App"
2026-10-01,moonberg-ai-bot,MOONBERG AI BOT,website,replace,https://coming.It,https://moonberg.com,https://t.me/moonbergai
2026-10-01,moonpacket,moonpacket,x,confirm,https://x.com/mooniniofficial,https://x.com/mooniniofficial,https://moonpacket.com
2026-10-01,moonraid-online,Moonraid Online,website,confirm,https://safepermoon.com,https://safepermoon.com,https://t.me/safepermoon
2026-10-01,moonraid-online,Moonraid Online,x,confirm,https://x.com/safepermoon,https://x.com/safepermoon,https://t.me/moonraid_game_bot
2026-10-01,mortal-klicker,Mortal Klicker,x,remove,https://x.com/moklgamefi,,"same account listed for unrelated projects: FireTon Drop, Mortal Klicker"
2026-10-01,mr-bitgenie,Mr BitGenie,x,remove,https://x.com/CoinAppWallet,,"same account listed for unrelated projects: Coin Wallet, TON Notify Bot, Mr BitGenie"
2026-10-01,mugglelink,MuggleLink,website,confirm,https://www.muggle.link/,https://www.muggle.link/,https://www.muggle.link/ (page title)
2026-10-01,mumba-taskbot,Mumba TaskBot,bot,remove,https://t.me/mumbatasks_bot,,username does not exist on t.me on 2026-10-01
2026-10-01,musgard,Musgard,x,remove,https://x.com/SnakeTON_Game,,"same account listed for unrelated projects: Musgard, SnakeTON"
2026-10-01,mylegton,mylegton,x,remove,https://x.com/mylegonton,,"same account listed for unrelated projects: THEarthGame, mylegton"
2026-10-01,mypaal,MyPaal,x,remove,https://x.com/EarthNetworkio,,"same account listed for unrelated projects: MyPaal, Earth Coin"
2026-10-01,mytonswap,MyTonSwap,website,remove,https://mytonswap.com,,site is gone: http 521 on 2026-10-01
2026-10-01,naga-everything-trading,NAGA Everything Trading,x,confirm,https://x.com/cedelabs,https://x.com/cedelabs,https://t.me/naga_everything_trading
2026-10-01,necasino,NECASINO,bot,remove,https://t.me/necaplaybot,,username does not exist on t.me on 2026-10-01
2026-10-01,neural-networks,Neural Networks,website,remove,https://web3.xn--e1aajcsinjk.com/,,site is gone: domain does not resolve on 2026-10-01
2026-10-01,nexus,Nexus,x,confirm,https://x.com/ioneoki,https://x.com/ioneoki,https://t.me/nexusportalbot
2026-10-01,nft-drop-calendar,NFT Drop Calendar,telegram,remove,https://t.me/tonpro_for_builders,,username does not exist on t.me on 2026-10-01
2026-10-01,nft-scanner,NFT Scanner,bot,remove,https://t.me/wallet_arbitragescanner_bot,,username does not exist on t.me on 2026-10-01
2026-10-01,nft-scanner,NFT Scanner,x,confirm,https://x.com/ArbitrageScan,https://x.com/ArbitrageScan,https://arbitragescanner.io/
2026-10-01,nft-tonificaror,NFT TONificaror,telegram,remove,https://t.me/nfttonificator,,username does not exist on t.me on 2026-10-01
2026-10-01,night-club,Night Club,website,confirm,https://ibizagaming.xyz,https://ibizagaming.xyz,https://ibizagaming.xyz (page title)
2026-10-01,nimbus,Nimbus,bot,remove,https://t.me/GetNimbusBot,,username does not exist on t.me on 2026-10-01
2026-10-01,node-tonlib,node-tonlib,github,remove,https://github.com/labraburn/node-tonlib,,GitHub returns 404 on 2026-10-01
2026-10-01,nomiswap,Nomiswap,x,remove,https://x.com/mogifts312,,"same account listed for unrelated projects: Nomiswap, Cyber Village, Lucky Draw Master"
2026-10-01,not-bored-puppies-bot,Not Bored Puppies Bot,x,remove,https://x.com/anytap_dapps,,"same account listed for unrelated projects: AnyTap, Not Bored Puppies Bot"
2026-10-01,not-task,Not Task,x,remove,https://x.com/TonGiftsbot,,"same account listed for unrelated projects: Not Task, TGGifts"
2026-10-01,notai,NOTAI,telegram,remove,https://t.me/CryptoRivieraNews,,username does not exist on t.me on 2026-10-01
2026-10-01,notai,NOTAI,x,remove,https://x.com/CryptoRivieraAI,,"same account listed for unrelated projects: NOTAI, CryptoRiviera"
2026-10-01,notbabycoinfam,NotBabyCoinFAM,telegram,remove,https://t.me/tonyielding,,username does not exist on t.me on 2026-10-01
2026-10-01,notbabycoinfam,NotBabyCoinFAM,website,remove,https://www.tonyielding.com/,,site is gone: domain does not resolve on 2026-10-01
2026-10-01,notbabycoinfam,NotBabyCoinFAM,x,remove,https://x.com/Tonyielding,,"same account listed for unrelated projects: Tonyielding, NotBabyCoinFAM"
2026-10-01,notbitcoin-bot,NotBitCoin Bot,website,confirm,https://notbitco.in,https://notbitco.in,https://notbitco.in (page title)
2026-10-01,nothero,NOTHERO,x,remove,https://x.com/Not_Notcoin,,"same account listed for unrelated projects: Not Notcoin, NOTHERO"
2026-10-01,notonbot,notonbot,x,remove,https://x.com/noton_tap,,"same account listed for unrelated projects: notonbot, Telegram one Top"
2026-10-01,novadax,NovaDax,x,confirm,https://x.com/livehub_to,https://x.com/livehub_to,https://www.novadax.com.br/product/orderbook?pair=TON_BRL
2026-10-01,official-satoshi-miner,Official Satoshi Miner,x,remove,https://x.com/thetritonapp,,"same account listed for unrelated projects: Triton, Official Satoshi Miner"
2026-10-01,oinkcoin,OinkCoin,website,remove,https://oinkcoin.org,,site is gone: domain does not resolve on 2026-10-01
2026-10-01,openshield,OpenShield,telegram,remove,https://t.me/ShieldFoundation,,username does not exist on t.me on 2026-10-01
2026-10-01,optsnap-trading,Optsnap Trading,bot,remove,https://t.me/optsnap_bot,,username does not exist on t.me on 2026-10-01
2026-10-01,optsnap-trading,Optsnap Trading,x,remove,https://x.com/BoinkersIO,,"same account listed for unrelated projects: Optsnap Trading, Boinkers"
2026-10-01,ordeez-airdrop,Ordeez Airdrop,x,remove,https://x.com/EFM_TON,,"same account listed for unrelated projects: efootballmanager, Ordeez Airdrop"
2026-10-01,orexn,Orexn,website,remove,https://www.orexn.net/,,site is gone: domain does not resolve on 2026-10-01
2026-10-01,p2e,P2E,telegram,remove,https://t.me/comunitiygreen,,username does not exist on t.me on 2026-10-01
2026-10-01,pacbot,Pacbot,telegram,remove,https://t.me/Wtonxi,,username does not exist on t.me on 2026-10-01
2026-10-01,paketka,PAKETKA,x,remove,https://x.com/swap_coffee_ton,,"same account listed for unrelated projects: swap.coffee, PAKETKA"
2026-10-01,panda-kombat,Panda Kombat,x,remove,https://x.com/evaaprotocol,,"same account listed for unrelated projects: EVAA Protocol, Panda Kombat"
2026-10-01,panie-bot,PANIE Bot,bot,remove,https://t.me/panieapp_bot,,username does not exist on t.me on 2026-10-01
2026-10-01,paper-plane-game,Paper PLANE Game,x,remove,https://x.com/thebananagameee,,"same account listed for unrelated projects: Paper PLANE Game, Banana"
2026-10-01,papercoin,PAPERCOIN,x,remove,https://x.com/thetonhub,,"same account listed for unrelated projects: MEXC, Crypton Buy Bot, Cryptonite Scanner, AdBuy, PAPERCOIN"
2026-10-01,payhook,Payhook,x,remove,https://x.com/BehLandOfficial,,"same account listed for unrelated projects: Payhook, BehLand - Web3 L2E"
2026-10-01,peng,Peng,telegram,remove,https://t.me/pengtoncoin,,username does not exist on t.me on 2026-10-01
2026-10-01,peng,Peng,telegram,remove,https://t.me/pengtoncoin,,username does not exist on t.me on 2026-10-01
2026-10-01,pepe-miner-bot,PEPE Miner Bot,website,remove,https://www.arcadiaweb3.net/,,site is gone: domain does not resolve on 2026-10-01
2026-10-01,pepes-frogbar,Pepes Frogbar,x,remove,https://x.com/di_sob,,"same account listed for unrelated projects: Pepes Frogbar, BIX Games"
2026-10-01,pet-tap-tap,PET TAP TAP,github,remove,https://github.com/OGenLab/Thero1,,GitHub returns 404 on 2026-10-01
2026-10-01,pettap,PetTap,x,remove,https://x.com/Petoshi_Blast,,"same account listed for unrelated projects: PetTap, GreenOrRed"
2026-10-01,pizzaton,PizzaTon,website,remove,https://launch.pizzaton.me,,site is gone: http 526 on 2026-10-01
2026-10-01,pizzaton,PizzaTon,x,remove,https://x.com/pitzaton,,"same account listed for unrelated projects: PizzaTon, Cashbacker"
2026-10-01,pollo,Pollo,website,remove,https://pollo.vote/,,site is gone: domain does not resolve on 2026-10-01
2026-10-01,polytend-digest,POLYTEND DIGEST,bot,remove,https://t.me/slotapp_bot,,username does not exist on t.me on 2026-10-01
2026-10-01,polytend-digest,POLYTEND DIGEST,x,remove,https://x.com/slotgame_ton,,"same account listed for unrelated projects: POLYTEND DIGEST, Slot Game"
2026-10-01,polytend-dom,POLYTEND (DOM),x,remove,https://x.com/VirtualsWorlds,,"same account listed for unrelated projects: POLYTEND (DOM), VWS Utilities"
2026-10-01,polyton-app,Polyton App,x,remove,https://x.com/cohortX_ai,,"same account listed for unrelated projects: Polyton App, AI Buddy"
2026-10-01,power-ton,Power TON,bot,remove,https://t.me/powertonbot,,username does not exist on t.me on 2026-10-01
2026-10-01,prebit-io,Prebit.io,telegram,remove,https://t.me/prebit,,username does not exist on t.me on 2026-10-01
2026-10-01,puffy-games,Puffy Games,website,remove,https://puffy.games/,,site is gone: domain does not resolve on 2026-10-01
2026-10-01,pulse,Pulse,telegram,remove,https://t.me/PulseTokenOfficial,,username does not exist on t.me on 2026-10-01
2026-10-01,pulse,Pulse,x,remove,https://x.com/whalegames_en,,"same account listed for unrelated projects: Pulse, Whale"
2026-10-01,punks-game,Punks Game,x,remove,https://x.com/nakamotoGames,,"same account listed for unrelated projects: Punks Game, Nakamoto Games"
2026-10-01,pups-ton,PUPS TON,bot,remove,https://t.me/pupsdropbot,,username does not exist on t.me on 2026-10-01
2026-10-01,purr-fund,Purr.Fund,website,remove,https://www.purr.fund/,,site is gone: domain does not resolve on 2026-10-01
2026-10-01,qrmint,QRMint,x,remove,https://x.com/whatsgamesio,,"same account listed for unrelated projects: QRMint, WGScoin"
2026-10-01,quest-labs,Quest Labs,x,confirm,https://x.com/TorchTon,https://x.com/TorchTon,https://t.me/questlabsbot
2026-10-01,quick,Quick,x,remove,https://x.com/GSHAKE_app,,"same account listed for unrelated projects: Quick, GSHAKE"
2026-10-01,quton-cash-qtc,QuTON Cash (QTC),website,remove,https://qutoncash.org/,,site is gone: domain does not resolve on 2026-10-01
2026-10-01,raccoon-starz,Raccoon STARZ,x,remove,https://x.com/SnapFly_xyz,,"same account listed for unrelated projects: Snap Fly Bot, Raccoon STARZ"
2026-10-01,re-doubt,re:doubt,website,remove,https://www.redoubt.online/,,site is gone: domain does not resolve on 2026-10-01
2026-10-01,reklama-nft-v-telegram,Реклама NFT в Telegram,github,remove,https://github.com/Libgram,,GitHub returns 404 on 2026-10-01
2026-10-01,reputation-builder,Reputation Builder,x,confirm,https://x.com/GalacticaNet,https://x.com/GalacticaNet,https://t.me/reputationbuilderbot
2026-10-01,resistance-dog,Resistance Dog,x,remove,https://x.com/redotoken,,"same account listed for unrelated projects: Redo, Resistance Dog"
2026-10-01,rich-teddy-tapapp,Rich Teddy TapApp,x,remove,https://x.com/tonoreum,,"same account listed for unrelated projects: Rich Teddy TapApp, Tonoreum PoW & PoL"
2026-10-01,richblock,RichBlock,x,remove,https://x.com/ton_baks,,"same account listed for unrelated projects: RichBlock, BAKS TON GAME"
2026-10-01,rift,Rift,x,remove,https://x.com/tonbankcard,,"same account listed for unrelated projects: TONBANKCARD Exchange, Rift, TBC - Client, TBC TVL TON, TON Bridge"
2026-10-01,rikcoin,Rikcoin,x,confirm,https://x.com/r1kcoin,https://x.com/r1kcoin,https://t.me/r1kcoin
2026-10-01,roolz,RoOLZ,x,confirm,https://x.com/AtriumNft,https://x.com/AtriumNft,https://t.me/roolznft
2026-10-01,royaltycoin,Royaltycoin,telegram,remove,https://t.me/tokencreatorcoin,,username does not exist on t.me on 2026-10-01
2026-10-01,rps-titans,RPS Titans,bot,remove,https://t.me/RPS_Titans_bot,,username does not exist on t.me on 2026-10-01
2026-10-01,rps-titans,RPS Titans,telegram,remove,https://t.me/rpstitans_announcement,,username does not exist on t.me on 2026-10-01
2026-10-01,satoshi-game,Satoshi Game,x,remove,https://x.com/tonstarsapp,,"same account listed for unrelated projects: TON Stars, Satoshi Game"
2026-10-01,save-trump-tap,SAVE Trump Tap,x,confirm,https://x.com/steamify_io,https://x.com/steamify_io,https://t.me/savetrump_bot
2026-10-01,saw-token,Saw Token,telegram,remove,https://t.me/SAW_COIN,,username does not exist on t.me on 2026-10-01
2026-10-01,scam-detect,Scam-detect,telegram,remove,https://t.me/scam_detect_ru,,username does not exist on t.me on 2026-10-01
2026-10-01,scanner-message,SCANNER MESSAGE,x,confirm,https://x.com/arbitragescan,https://x.com/arbitragescan,https://arbitragescanner.io
2026-10-01,scp,SCP,x,remove,https://x.com/mAInet_io,,"same account listed for unrelated projects: SCP, mAInet V2"
2026-10-01,secondlive-bot,SecondLive Bot,website,remove,https://secondlive.world/,,site is gone: http 530 on 2026-10-01
2026-10-01,sender,Sender,x,remove,https://x.com/huntex_bot,,"same account listed for unrelated projects: HunteX, Sender"
2026-10-01,settleton,SettleTON,website,confirm,https://x.com/TonSettle,https://x.com/TonSettle,https://x.com/TonSettle (page title)
2026-10-01,settleton,SettleTON,x,confirm,https://x.com/TonSettle,https://x.com/TonSettle,https://x.com/TonSettle
2026-10-01,sfootballbot,SFootballBot,telegram,remove,https://t.me/Catopia_game,,username does not exist on t.me on 2026-10-01
2026-10-01,sfootballbot,SFootballBot,x,remove,https://x.com/Catopia_online,,"same account listed for unrelated projects: Catopia, SFootballBot"
2026-10-01,simple-coin,Simple Coin,x,confirm,https://x.com/smpl_app,https://x.com/smpl_app,https://promo.simple.app/1Qd2/xe0uv1iz?af_qr=true
2026-10-01,siriustap,SiriusTap,x,remove,https://x.com/SiriusPad_,,"same account listed for unrelated projects: Hybrid Mini App, SiriusTap"
2026-10-01,skull-and-bones,Skull and Bones,x,confirm,https://x.com/IEMHash,https://x.com/IEMHash,https://t.me/skull_x_bones_bot
2026-10-01,slot-game,Slot Game,bot,remove,https://t.me/slotapp_bot,,username does not exist on t.me on 2026-10-01
2026-10-01,smartest,Smartest,github,remove,https://github.com/wallexchange,,GitHub returns 404 on 2026-10-01
2026-10-01,smartest,Smartest,x,remove,https://x.com/Wallex_ir,,"same account listed for unrelated projects: wallex, Smartest"
2026-10-01,snapx,SnapX,website,remove,https://snapx.co/en,,site is gone: domain does not resolve on 2026-10-01
2026-10-01,solarian-tech,SOLARIAN TECH,x,remove,https://x.com/MOONTOKENMINING,,"same account listed for unrelated projects: SOLARIAN TECH, MOON TOKEN MINING"
2026-10-01,space-hunters-ecosystem,Space Hunters Ecosystem,website,remove,https://spacehunters.online,,site is gone: domain does not resolve on 2026-10-01
2026-10-01,spark-zjwxnz,Spark,telegram,remove,https://t.me/SparkOne_Ton,,username does not exist on t.me on 2026-10-01
2026-10-01,spend,Spend,x,remove,https://x.com/zjor,,"same account listed for unrelated projects: SunKong Bot, Spend"
2026-10-01,spica,Spica,bot,remove,https://t.me/spicafundingbot,,username does not exist on t.me on 2026-10-01
2026-10-01,spide,Spide,github,remove,https://github.com/spidesecurity,,GitHub returns 404 on 2026-10-01
2026-10-01,spike-game,Spike Game,bot,remove,https://t.me/dogespikebot,,username does not exist on t.me on 2026-10-01
2026-10-01,sportsbet,Sportsbet,website,remove,https://tonshaker.com/,,site is gone: domain does not resolve on 2026-10-01
2026-10-01,sportsbet,Sportsbet,x,remove,https://x.com/tonshaker,,"same account listed for unrelated projects: TON Shaker, Sportsbet"
2026-10-01,spun-game-app,Spun Game App,website,remove,https://spunmeme.io,,site is gone: domain does not resolve on 2026-10-01
2026-10-01,squid-ton,SQUID TON,bot,remove,https://t.me/SQUIDTONGAMES_bot,,username does not exist on t.me on 2026-10-01
2026-10-01,squidpepe,SquidPEPE🦑,telegram,remove,https://t.me/squid_pepe,,username does not exist on t.me on 2026-10-01
2026-10-01,squirrel-legend,Squirrel Legend,x,remove,https://x.com/catvsalien,,"same account listed for unrelated projects: Cat vs Alien, Squirrel Legend"
2026-10-01,stakee,Stakee,x,remove,https://x.com/stable_metal,,"same account listed for unrelated projects: Stakee, Stable Metal"
2026-10-01,sun-farmer,Sun farmer,x,remove,https://x.com/DogePeeCoin,,"same account listed for unrelated projects: Sun farmer, DogePee"
2026-10-01,sunkong-bot,SunKong Bot,x,remove,https://x.com/zjor,,"same account listed for unrelated projects: SunKong Bot, Spend"
2026-10-01,supercluster,SUPERCLUSTER,x,remove,https://x.com/dragondotbot,,"same account listed for unrelated projects: Dragon, SUPERCLUSTER"
2026-10-01,superearn,SuperEarn,x,confirm,https://x.com/superdapp,https://x.com/superdapp,https://superearn.org
2026-10-01,support-day,Support Day,x,remove,https://x.com/ton_shiba,,"same account listed for unrelated projects: Support Day, Ton Shiba Inu"
2026-10-01,swiftyton,SwiftyTON,github,remove,https://github.com/labraburn/SwiftyTON,,GitHub returns 404 on 2026-10-01
2026-10-01,synquest,SynQuest,x,remove,https://x.com/Fishwar_io,,"same account listed for unrelated projects: SynQuest, Fishwar"
2026-10-01,t-card,T - Card,x,remove,https://x.com/Tools_MiniApps,,"same account listed for unrelated projects: Bivreost Wallet, T - Card"
2026-10-01,tago,Tago,bot,remove,https://t.me/TagoAppBot,,username does not exist on t.me on 2026-10-01
2026-10-01,tago,Tago,telegram,remove,https://t.me/WelcomeToTago,,username does not exist on t.me on 2026-10-01
2026-10-01,takerobot,TakeRobot,x,remove,https://x.com/TonTakeGame,,"same account listed for unrelated projects: TonTake Bridge, 1323vpn, TonTake (TAKE), TakeRobot, Jetton lucky spin"
2026-10-01,tand3m,TAND3M,telegram,remove,https://t.me/tand3m_channel,,username does not exist on t.me on 2026-10-01
2026-10-01,tapcgpt,TapCGPT,website,remove,https://tap.chaingpt.org/,,site is gone: domain does not resolve on 2026-10-01
2026-10-01,taprush,TapRush,x,remove,https://x.com/BBQ_Coin,,"same account listed for unrelated projects: BBQCoin, TapRush"
2026-10-01,tapswap-jdcfzr,TapSwap,github,remove,https://github.com/Jackpot-ton,,GitHub returns 404 on 2026-10-01
2026-10-01,tbc-client,TBC - Client,website,confirm,https://marketcap.tonbankcard.com,https://marketcap.tonbankcard.com,https://marketcap.tonbankcard.com (page title)
2026-10-01,tbc-client,TBC - Client,x,remove,https://x.com/tonbankcard,,"same account listed for unrelated projects: TONBANKCARD Exchange, Rift, TBC - Client, TBC TVL TON, TON Bridge"
2026-10-01,tbc-tvl-ton,TBC TVL TON,x,remove,https://x.com/tonbankcard,,"same account listed for unrelated projects: TONBANKCARD Exchange, Rift, TBC - Client, TBC TVL TON, TON Bridge"
2026-10-01,tbearbot,TbearBot,x,remove,https://x.com/TBEAR_Ton,,"same account listed for unrelated projects: TbearBot, Urkocoin Tap Game"
2026-10-01,tbook,tbook,x,remove,https://x.com/cocopark_io,,"same account listed for unrelated projects: tbook, Coco Park"
2026-10-01,teabank,TeaBank,telegram,remove,https://t.me/tea_bank,,username does not exist on t.me on 2026-10-01
2026-10-01,teabank,TeaBank,website,remove,https://teabank.io/,,site is gone: domain does not resolve on 2026-10-01
2026-10-01,tearline-bot,Tearline Bot,x,remove,https://x.com/Tonshi_2024,,"same account listed for unrelated projects: Tearline Bot, Tonshi"
2026-10-01,telegram-one-top,Telegram one Top,x,remove,https://x.com/noton_tap,,"same account listed for unrelated projects: notonbot, Telegram one Top"
2026-10-01,telegram-usd,Telegram USD,x,remove,https://x.com/TorchTon,,"same account listed for unrelated projects: Telegram USD, Telegram USD (tgusd), Quest Labs"
2026-10-01,telegram-usd-tgusd,Telegram USD (tgusd),x,remove,https://x.com/TorchTon,,"same account listed for unrelated projects: Telegram USD, Telegram USD (tgusd), Quest Labs"
2026-10-01,telegramconnect,telegramconnect,x,remove,https://x.com/ArbitrageScan,,"same account listed for unrelated projects: SCANNER MESSAGE, Wallet Analysis, Wallets Live, telegramconnect, NFT Scanner"
2026-10-01,teletop,Teletop,x,remove,https://x.com/Tomtalkofficial,,"same account listed for unrelated projects: Teletop, TOM TALK"
2026-10-01,televerse-odyssey,Televerse Odyssey,x,remove,https://x.com/spicafund,,"same account listed for unrelated projects: Spica, Televerse Odyssey"
2026-10-01,tepe,TEPE,website,remove,https://sirex.io,,site is gone: domain does not resolve on 2026-10-01
2026-10-01,testnet-faucet,Testnet Faucet,x,remove,https://x.com/paybis,,"same account listed for unrelated projects: Paybis Wallet, Testnet Faucet, Toncoin Converter"
2026-10-01,tgcasino,TGCasino,bot,remove,https://t.me/tgcasinoofficialbot,,username does not exist on t.me on 2026-10-01
2026-10-01,tgr-boost,TGR Boost,x,replace,https://x.com/TegroTON,https://x.com/tgrtoken,https://t.me/tegrotonbot
2026-10-01,the-gate,The Gate,bot,remove,https://t.me/thegates_bot,,username does not exist on t.me on 2026-10-01
2026-10-01,the-queue,The Queue,x,remove,https://x.com/yieldfort,,"same account listed for unrelated projects: YieldFort Protocol, The Queue"
2026-10-01,thearthgame,THEarthGame,x,remove,https://x.com/mylegonton,,"same account listed for unrelated projects: THEarthGame, mylegton"
2026-10-01,tic-tac-toe-game-on-telegram,Tic-Tac-Toe: game on Telegram,x,remove,https://x.com/Hasbiland,,"same account listed for unrelated projects: HASBILAND, Tic-Tac-Toe: game on Telegram"
2026-10-01,time-farm,Time Farm,x,confirm,https://x.com/ChronotechNews,https://x.com/ChronotechNews,https://t.me/timefarmchannel
2026-10-01,time-ton-ecosystem,Time TON Ecosystem,bot,remove,https://t.me/timetonbot,,username does not exist on t.me on 2026-10-01
2026-10-01,titan,Titan,website,remove,https://titan.tg/,,site is gone: domain does not resolve on 2026-10-01
2026-10-01,titon-network,titon.network,github,remove,https://github.com/titon-network,,GitHub returns 404 on 2026-10-01
2026-10-01,tmnt-game,TMNT Game,x,remove,https://x.com/iMePlatform,,"same account listed for unrelated projects: Uniswap, iMe app, TMNT Game"
2026-10-01,token-bemo-staked-ton,bemo Staked TON (STTON),telegram,remove,https://t.me/bemofinanceENG,,username does not exist on t.me on 2026-10-01
2026-10-01,token-x-empire,X Empire (X),telegram,remove,https://t.me/empirex,,username does not exist on t.me on 2026-10-01
2026-10-01,tomclicker,TomClicker,x,remove,https://x.com/TomCoinBnb,,"same account listed for unrelated projects: behind, TomClicker"
2026-10-01,tomo-cat,Tomo cat,x,remove,https://x.com/30sec_yet,,"same account listed for unrelated projects: Tomo cat, 30sec CASUAL"
2026-10-01,ton-access,TON Access,x,remove,https://x.com/orbs_network,,"same account listed for unrelated projects: TON Access, Orbs"
2026-10-01,ton-box,TON Box,x,remove,https://x.com/whalescorp,,"same account listed for unrelated projects: Tonhub, Walbi, TON Whales, Whales Staking, TON Box"
2026-10-01,ton-bridge,TON Bridge,x,remove,https://x.com/tonbankcard,,"same account listed for unrelated projects: TONBANKCARD Exchange, Rift, TBC - Client, TBC TVL TON, TON Bridge"
2026-10-01,ton-bulksender,TON Bulksender,bot,remove,https://t.me/TagoAppBot,,username does not exist on t.me on 2026-10-01
2026-10-01,ton-burnt,TON burnt,telegram,remove,https://t.me/twyx_bot,,username does not exist on t.me on 2026-10-01
2026-10-01,ton-click-bot,TON Click Bot,x,remove,https://x.com/Beosin_com,,"same account listed for unrelated projects: Beosin Security, TON Click Bot"
2026-10-01,ton-console,TonAPI,bot,remove,https://t.me/Grokholders_bot,,username does not exist on t.me on 2026-10-01
2026-10-01,ton-domain-info-bot,TON Domain Info bot,x,remove,https://x.com/coincraddle,,"same account listed for unrelated projects: CoinCraddle, TON Domain Info bot"
2026-10-01,ton-fonates,TON Fonates,website,remove,https://fonates.com,,site is gone: domain does not resolve on 2026-10-01
2026-10-01,ton-fonates,TON Fonates,x,remove,https://x.com/ton_mochimonkey,,"same account listed for unrelated projects: TON Fonates, Mochi Monkey"
2026-10-01,ton-galaxy,Ton Galaxy,website,remove,https://tongalaxy.com,,site is gone: domain does not resolve on 2026-10-01
2026-10-01,ton-grafana,TON Grafana,website,confirm,https://tonmon.xyz/,https://tonmon.xyz/,https://tonmon.xyz/ (page title)
2026-10-01,ton-inu-scanner,Ton Inu Scanner,telegram,remove,https://t.me/toncastnews,,username does not exist on t.me on 2026-10-01
2026-10-01,ton-notify-bot,TON Notify Bot,x,remove,https://x.com/CoinAppWallet,,"same account listed for unrelated projects: Coin Wallet, TON Notify Bot, Mr BitGenie"
2026-10-01,ton-of-memes,TON of Memes,telegram,remove,https://t.me/TON_of_Memes_Channel,,username does not exist on t.me on 2026-10-01
2026-10-01,ton-pay,TON Pay,x,remove,https://x.com/TonPlanets,,"same account listed for unrelated projects: MARS DEX, TON Pay"
2026-10-01,ton-research,Ton Research,x,remove,https://x.com/FlutterBees_X,,"same account listed for unrelated projects: Ton Research, Flutter Bees"
2026-10-01,ton-search-engine,TON Search Engine,x,remove,https://x.com/TonxStudio,,"same account listed for unrelated projects: TON Search Engine, TON Testnet Faucet"
2026-10-01,ton-ski-access,TON.SKI Access,bot,remove,https://t.me/mintodinos_staking_bot,,username does not exist on t.me on 2026-10-01
2026-10-01,ton-strategy,TON Strategy,website,confirm,https://tonstrat.com,https://tonstrat.com,https://tonstrat.com (page title)
2026-10-01,ton-tarot,TON Tarot,x,remove,https://x.com/luckyton8,,"same account listed for unrelated projects: TON Tarot, Lucky TON"
2026-10-01,ton-testnet-faucet,TON Testnet Faucet,x,remove,https://x.com/TonxStudio,,"same account listed for unrelated projects: TON Search Engine, TON Testnet Faucet"
2026-10-01,ton-tg-dev-tools,TON & TG Dev Tools,telegram,remove,https://t.me/MJK_Dev_BOT,,username does not exist on t.me on 2026-10-01
2026-10-01,ton-tools-bot,TON Tools Bot,website,remove,https://snoopybabe.com/bot_ton,,site is gone: http 522 on 2026-10-01
2026-10-01,ton-tracker-2,Ton Tracker,x,remove,https://x.com/TonTon_Intract,,"same account listed for unrelated projects: Ton Tracker, TonTon by Intract"
2026-10-01,ton-trending-bot,TON TRENDING BOT,website,remove,https://insects.vip/,,site is gone: domain does not resolve on 2026-10-01
2026-10-01,ton-trending-bot,TON TRENDING BOT,x,remove,https://x.com/insectsvip,,"same account listed for unrelated projects: TON TRENDING BOT, INSECTS"
2026-10-01,tonano,Tonano,x,confirm,https://x.com/Ton_scription,https://x.com/Ton_scription,https://t.me/tonanobot
2026-10-01,toncaps,Toncaps,telegram,remove,https://t.me/toncapsio,,username does not exist on t.me on 2026-10-01
2026-10-01,toncoin-converter,Toncoin Converter,x,remove,https://x.com/paybis,,"same account listed for unrelated projects: Paybis Wallet, Testnet Faucet, Toncoin Converter"
2026-10-01,tondb,TONDb,website,remove,https://tondb.app,,site is gone: http 521 on 2026-10-01
2026-10-01,tondevwallet,TonDevWallet,x,remove,https://x.com/KiTon_Gaming,,"same account listed for unrelated projects: TonDevWallet, KITON"
2026-10-01,tondomenbot,TonDomenBot,bot,remove,https://t.me/durovs_protocol_bot,,username does not exist on t.me on 2026-10-01
2026-10-01,tondomenbot,TonDomenBot,telegram,remove,https://t.me/durovs_protocol_news,,username does not exist on t.me on 2026-10-01
2026-10-01,toney-money-business,Toney Money Business,x,remove,https://x.com/xyro_io,,"same account listed for unrelated projects: Toney Money Business, XYRO PORTAL"
2026-10-01,tonhub-w,Tonhub,x,remove,https://x.com/whalescorp,,"same account listed for unrelated projects: Tonhub, Walbi, TON Whales, Whales Staking, TON Box"
2026-10-01,tonjump,TonJump,bot,remove,https://t.me/ton_jump_xyz_bot,,username does not exist on t.me on 2026-10-01
2026-10-01,tonkey,Tonkey,telegram,remove,https://t.me/tonkeyapp,,username does not exist on t.me on 2026-10-01
2026-10-01,tonnewbie-nr1hca,TonNewbie,website,remove,https://new-jetton.site,,site is gone: domain does not resolve on 2026-10-01
2026-10-01,tonny,TONNY,x,remove,https://x.com/PixelXFarm,,"same account listed for unrelated projects: TONNY, pixelxfarm_bot"
2026-10-01,tonogram,TonoGram,telegram,remove,https://t.me/scam_detect_ru,,username does not exist on t.me on 2026-10-01
2026-10-01,tonpad,TONpad,bot,remove,https://t.me/Tonpad_launchbot,,username does not exist on t.me on 2026-10-01
2026-10-01,tonpad,TONpad,website,remove,https://app.tonpad.space,,site is gone: domain does not resolve on 2026-10-01
2026-10-01,tonpad,TONpad,x,confirm,https://x.com/TON_launchpad,https://x.com/TON_launchpad,https://t.me/TONpad_news
2026-10-01,tonpie,TONpie,x,remove,https://x.com/Explaceio,,"same account listed for unrelated projects: Explace, TONpie"
2026-10-01,tonsoffriends,TonsOfFriends,telegram,remove,https://t.me/TonsOfFriends_Ann,,username does not exist on t.me on 2026-10-01
2026-10-01,tonsonar,TonSonar,website,confirm,https://ozamotailov.github.io/alphaping/,https://ozamotailov.github.io/alphaping/,https://ozamotailov.github.io/alphaping/ (page title)
2026-10-01,tonspack,Tonspack,website,remove,https://tonspack.com/,,site is gone: domain does not resolve on 2026-10-01
2026-10-01,tonspay,Tonspay,website,remove,https://www.tonspay.top/,,site is gone: http 404 on 2026-10-01
2026-10-01,tonspay,Tonspay,x,remove,https://x.com/tonsprotocols,,"same account listed for unrelated projects: Tonspay, LumberJackGame"
2026-10-01,tonstable,TonStable,bot,remove,https://t.me/TonStableBot,,username does not exist on t.me on 2026-10-01
2026-10-01,tonstarter,Tonstarter,telegram,remove,https://t.me/tonpro_for_builders,,username does not exist on t.me on 2026-10-01
2026-10-01,tontake-take,TonTake (TAKE),website,remove,https://www.tontake.website/,,site is gone: http 404 on 2026-10-01
2026-10-01,tontogether,TonTogether,telegram,remove,https://t.me/ton_together,,username does not exist on t.me on 2026-10-01
2026-10-01,tonturbobot,TONTurbobot,bot,remove,https://t.me/tonturbo_mint_bot,,username does not exist on t.me on 2026-10-01
2026-10-01,tony-vpn,Tony VPN,x,remove,https://x.com/thenotcoin,,"same account listed for unrelated projects: Tony VPN, Notcoin"
2026-10-01,tonyielding,Tonyielding,bot,remove,https://t.me/tonyieldingbot,,username does not exist on t.me on 2026-10-01
2026-10-01,tonyielding,Tonyielding,telegram,remove,https://t.me/tonyielding,,username does not exist on t.me on 2026-10-01
2026-10-01,tonyielding,Tonyielding,website,remove,https://www.tonyielding.com/,,site is gone: domain does not resolve on 2026-10-01
2026-10-01,tonzcoin,TonzCoin,website,remove,https://testnet.scaleton.co,,site is gone: domain does not resolve on 2026-10-01
2026-10-01,totkit,TOTKIT,telegram,remove,https://t.me/totkitnews,,username does not exist on t.me on 2026-10-01
2026-10-01,totkit,TOTKIT,website,remove,https://totkit.org/,,site is gone: domain does not resolve on 2026-10-01
2026-10-01,totkit,TOTKIT,x,remove,https://x.com/bradcommunity,,"same account listed for unrelated projects: TOTKIT, Vottun Dojo"
2026-10-01,towim,Towim,telegram,remove,https://t.me/theopenwork,,username does not exist on t.me on 2026-10-01
2026-10-01,towim,Towim,x,remove,https://x.com/PlanetorGame,,"same account listed for unrelated projects: Towim, Planetor"
2026-10-01,tpib-token,TPIB Token,x,remove,https://x.com/PiBridgeOrg,,"same account listed for unrelated projects: GLOBULA, TPIB Token"
2026-10-01,trading-bot,Trading Bot,website,remove,https://mytonswap.com,,site is gone: http 521 on 2026-10-01
2026-10-01,trading-bot,Trading Bot,x,remove,https://x.com/MyTonSwap,,"same account listed for unrelated projects: MyTonSwap, Trading Bot"
2026-10-01,treasuretapper,TreasureTapper,x,remove,https://x.com/grindery_io,,"same account listed for unrelated projects: EXMO, TreasureTapper"
2026-10-01,truecoin,Truecoin,x,remove,https://x.com/TRUExWorld,,"same account listed for unrelated projects: BeeVerse By NCTR, Truecoin"
2026-10-01,trustatonapp-bot,TrustaTONApp_bot,website,confirm,https://trustalabs.ai,https://trustalabs.ai,https://t.me/trustalabsann
2026-10-01,ttcoin,TTCoin,telegram,remove,https://t.me/tontoncoinoffical,,username does not exist on t.me on 2026-10-01
2026-10-01,twif-choice,TWIF_choice,website,remove,https://trumpwifcoin.pro/,,site is gone: domain does not resolve on 2026-10-01
2026-10-01,twif-choice,TWIF_choice,x,confirm,https://x.com/TrumpWifCoin,https://x.com/TrumpWifCoin,https://t.me/TWIFchoice_bot
2026-10-01,twyx,Twyx,telegram,remove,https://t.me/twyx_bot,,username does not exist on t.me on 2026-10-01
2026-10-01,uniswap,Uniswap,x,remove,https://x.com/iMePlatform,,"same account listed for unrelated projects: Uniswap, iMe app, TMNT Game"
2026-10-01,unknown,Unknown,website,remove,https://unknown-coin.com,,site is gone: domain does not resolve on 2026-10-01
2026-10-01,unknown,Unknown,x,remove,https://x.com/unk_coin,,"same account listed for unrelated projects: Unknown, CharacterX"
2026-10-01,upfin-trading-bot,UpFin Trading Bot,website,confirm,https://bit.ly/4lKLauS,https://bit.ly/4lKLauS,https://bit.ly/4lKLauS (page title)
2026-10-01,upton,UPTON,x,remove,https://x.com/dashpoolapp,,"same account listed for unrelated projects: DashPool, UPTON"
2026-10-01,urkocoin-tap-game,Urkocoin Tap Game,x,remove,https://x.com/TBEAR_Ton,,"same account listed for unrelated projects: TbearBot, Urkocoin Tap Game"
2026-10-01,usdt-gift-shop,USDt Gift Shop,website,confirm,https://fizen.io/,https://fizen.io/,https://fizen.io/ (page title)
2026-10-01,usdt-gift-shop,USDt Gift Shop,x,confirm,https://x.com/fizenapp,https://x.com/fizenapp,https://fizen.io/
2026-10-01,usercoin-app,UserCoin App,x,remove,https://x.com/chickizenTON,,"same account listed for unrelated projects: UserCoin App, Chickizen"
2026-10-01,ustars,UStars 💫,bot,remove,https://t.me/UStars_bot,,username does not exist on t.me on 2026-10-01
2026-10-01,ustars,UStars 💫,telegram,remove,https://t.me/UStars_update,,username does not exist on t.me on 2026-10-01
2026-10-01,utn-staking,UTN Staking,x,remove,https://x.com/uniton_official,,"same account listed for unrelated projects: Gain Bot, UTN Staking"
2026-10-01,vanity-ton,Vanity TON,x,remove,https://x.com/earnigram,,"same account listed for unrelated projects: Vanity TON, WhoWhere, Manage Ton Subdomain"
2026-10-01,vending-coin-vndg,Vending Coin ($VNDG),github,remove,https://github.com/Vending-Coin/vending-coin.github.io,,GitHub returns 404 on 2026-10-01
2026-10-01,verify,Verify,x,remove,https://x.com/tribeton,,"same account listed for unrelated projects: Verify, TRIBE marketplace"
2026-10-01,vottun-dojo,Vottun Dojo,website,remove,https://thebrad.space/,,site is gone: domain does not resolve on 2026-10-01
2026-10-01,vottun-dojo,Vottun Dojo,x,remove,https://x.com/bradcommunity,,"same account listed for unrelated projects: TOTKIT, Vottun Dojo"
2026-10-01,vws-utilities,VWS Utilities,website,remove,https://virtualsworlds.online,,site is gone: domain does not resolve on 2026-10-01
2026-10-01,vws-utilities,VWS Utilities,x,remove,https://x.com/VirtualsWorlds,,"same account listed for unrelated projects: POLYTEND (DOM), VWS Utilities"
2026-10-01,walbi,Walbi,x,remove,https://x.com/whalescorp,,"same account listed for unrelated projects: Tonhub, Walbi, TON Whales, Whales Staking, TON Box"
2026-10-01,wallet,@Walt,x,remove,https://x.com/architec_ton,,"same account listed for unrelated projects: @Walt, Architect.ton"
2026-10-01,wallet-analysis,Wallet Analysis,bot,remove,https://t.me/wallet_arbitragescanner_bot,,username does not exist on t.me on 2026-10-01
2026-10-01,wallet-analysis,Wallet Analysis,website,confirm,https://arbitragescanner.io/,https://arbitragescanner.io/,https://arbitragescanner.io/ (page title)
2026-10-01,wallet-analysis,Wallet Analysis,x,confirm,https://x.com/ArbitrageScan,https://x.com/ArbitrageScan,https://arbitragescanner.io/
2026-10-01,wallet-explorer,Wallet Explorer,telegram,remove,https://t.me/TonsOfFriends_Ann,,username does not exist on t.me on 2026-10-01
2026-10-01,wallet-explorer,Wallet Explorer,x,remove,https://x.com/TonsOfFriends,,"same account listed for unrelated projects: Wallet Explorer, TonsOfFriends"
2026-10-01,wallets-live,Wallets Live,x,confirm,https://x.com/ArbitrageScan,https://x.com/ArbitrageScan,https://t.me/wallets_live_bot
2026-10-01,wallex,wallex,github,remove,https://github.com/wallexchange,,GitHub returns 404 on 2026-10-01
2026-10-01,wassie-whomps,Wassie Whomps,x,remove,https://x.com/Playgram_io,,"same account listed for unrelated projects: Wassie Whomps, Playgram"
2026-10-01,wealthquiz,WealthQuiz,x,confirm,https://x.com/JVault_app,https://x.com/JVault_app,https://t.me/wealthquizbot
2026-10-01,web3-gem,Web3 Gem,x,remove,https://x.com/RoachRacingClub,,"same account listed for unrelated projects: Roach Racing Club, Web3 Gem"
2026-10-01,web3-jobs-bot,Web3 Jobs Bot,telegram,remove,https://t.me/tonpro_for_builders,,username does not exist on t.me on 2026-10-01
2026-10-01,web3events,Web3Events,telegram,remove,https://t.me/web3events_eng,,username does not exist on t.me on 2026-10-01
2026-10-01,webdosa,WebDosa,website,remove,https://webdosa.app,,site is gone: http 530 on 2026-10-01
2026-10-01,wgscoin,WGScoin,x,remove,https://x.com/whatsgamesio,,"same account listed for unrelated projects: QRMint, WGScoin"
2026-10-01,whale,Whale,telegram,remove,https://t.me/whalesocials2,,username does not exist on t.me on 2026-10-01
2026-10-01,what-swap,What Swap,telegram,remove,https://t.me/bigbangbusiness,,username does not exist on t.me on 2026-10-01
2026-10-01,whowhere,WhoWhere,x,remove,https://x.com/earnigram,,"same account listed for unrelated projects: Vanity TON, WhoWhere, Manage Ton Subdomain"
2026-10-01,xblast-app,xBLAST APP,x,remove,https://x.com/Ton_Capy,,"same account listed for unrelated projects: TonCapy, xBLAST APP"
2026-10-01,xton-launchpad,XTON Launchpad,x,remove,https://x.com/NobbyGame,,"same account listed for unrelated projects: XTON Launchpad, Nobby Game"
2026-10-01,zencoin,ZenCoin,website,remove,https://panicboo.co/,,site is gone: domain does not resolve on 2026-10-01
2026-10-01,zonerift-vpn,zonerift VPN,website,remove,https://zonerift.com,,site is gone: domain does not resolve on 2026-10-01
2026-10-01,bitget,Bitget,x,replace,https://x.com/tonstonks,https://x.com/bitget,https://t.me/bitget_announcements posts link to x.com/bitget
2026-10-01,trustatonapp-bot,TrustaTONApp_bot,x,confirm,https://x.com/TrustaLabs,https://x.com/TrustaLabs,https://t.me/trustalabsann posts link to x.com/trustalabs
2026-10-01,elephantstorebot,Elephant Store,x,confirm,https://x.com/ownthedoge,https://x.com/ownthedoge,https://t.me/slon_market posts link to x.com/ownthedoge
2026-10-01,explace,Explace,bot,remove,https://t.me/Explaceio,,@Explaceio is a channel and already in the telegram field (tg-probe)
2026-10-01,bitpapa,Bitpapa,bot,remove,https://t.me/memefun_tradingbot,,"@memefun_tradingbot is the bot of Ton Meme Bot (""Ton Meme Bot"") (tg-probe)"
2026-10-01,bydfi,BYDFi,telegram,remove,https://t.me/tonpreseller_bot,,"@tonpreseller_bot is the telegram of Preseller (""Preseller"") (tg-probe)"
2026-10-01,onmeta,Onmeta,bot,remove,https://t.me/puparty_bot,,"@puparty_bot is the bot of Puparty (""Puparty🎮"") (tg-probe)"
2026-10-01,defexa,Defexa,bot,remove,https://t.me/walletiumbot,,"@walletiumbot is the bot of Walletium (""Walletium💱💳"") (tg-probe)"
2026-10-01,mathwallet,MathWallet,bot,remove,https://t.me/TonPadXbot,,"@TonPadXbot is the bot of TONpad (""TonPad"") (tg-probe)"
2026-10-01,sender,Sender,bot,remove,https://t.me/HuntexBot,,"@HuntexBot is the bot of HunteX (""HunteX"") (tg-probe)"
2026-10-01,tondevwallet,TonDevWallet,bot,remove,https://t.me/kitongame_bot,,"@kitongame_bot is the bot of KITON (""KITON"") (tg-probe)"
2026-10-01,xjetswapbot,xJetSwapBot,telegram,remove,https://t.me/Basic_reality_bot,,"@Basic_reality_bot is the telegram of Basic Reality (""Basic reality"") (tg-probe)"
2026-10-01,getton,GetTON,telegram,remove,https://t.me/gettonapp_bot,,"@gettonapp_bot is a bot, moved to the bot field (tg-probe)"
2026-10-01,getton,GetTON,bot,replace,,https://t.me/gettonapp_bot,"@gettonapp_bot is a bot, moved from the telegram field (tg-probe)"
2026-10-01,capital-dex,Capital DEX,telegram,remove,https://t.me/TONPlanets,,"@TONPlanets is the telegram of TON Planets (""💎 TONPlanets 🌐"") (tg-probe)"
2026-10-01,dydx,dYdX,bot,remove,https://t.me/radar_tg_bot,,"@radar_tg_bot is the bot of Radar (""Radar"") (tg-probe)"
2026-10-01,mars-dex,MARS DEX,telegram,remove,https://t.me/TONPlanets,,"@TONPlanets is the telegram of TON Planets (""💎 TONPlanets 🌐"") (tg-probe)"
2026-10-01,nomiswap,Nomiswap,telegram,remove,https://t.me/Lucky_Draw_Master,,"@Lucky_Draw_Master is the telegram of Lucky Draw Master (""Lucky Draw Master"") (tg-probe)"
2026-10-01,nomiswap,Nomiswap,bot,remove,https://t.me/LuckyDrawMasterBot,,"@LuckyDrawMasterBot is the bot of Lucky Draw Master (""LuckyDrawMaster"") (tg-probe)"
2026-10-01,pancakeswap,PancakeSwap,bot,remove,https://t.me/xrocket,,"@xrocket is the bot of @XRocket (""xRocket"") (tg-probe)"
2026-10-01,trading-bot,Trading Bot,telegram,remove,https://t.me/MyTonSwap,,"@MyTonSwap is the telegram of MyTonSwap (""MyTonSwap"") (tg-probe)"
2026-10-01,tob-bot,TOB Bot,telegram,remove,https://t.me/tobtradingbot,,username does not exist on t.me on 2026-10-01 (tg-probe)
2026-10-01,tontradingbot,TonTradingBot,telegram,remove,https://t.me/tontradingbot_annoucement,,username does not exist on t.me on 2026-10-01 (tg-probe)
2026-10-01,decoupons,DeCoupons,bot,remove,https://t.me/delabtonbot,,"@delabtonbot is the bot of DeWallet (""DeWallet"") (tg-probe)"
2026-10-01,dedonate,DeDonate,bot,remove,https://t.me/delabtonbot,,"@delabtonbot is the bot of DeWallet (""DeWallet"") (tg-probe)"
2026-10-01,moneton,Moneton,telegram,remove,https://t.me/moneton_bot,,"@moneton_bot is a bot, moved to the bot field (tg-probe)"
2026-10-01,moneton,Moneton,bot,replace,,https://t.me/moneton_bot,"@moneton_bot is a bot, moved from the telegram field (tg-probe)"
2026-10-01,play-wallet,Play Wallet,bot,remove,https://t.me/chatgalatone_bot,,"@chatgalatone_bot is the bot of ChatGalaTon (""ChatGalaTon"") (tg-probe)"
2026-10-01,quton-cash-qtc,QuTON Cash (QTC),bot,remove,https://t.me/simple_tap_bot,,"@simple_tap_bot is the bot of Simple Coin (""Simple Coin"") (tg-probe)"
2026-10-01,tonogram,TonoGram,bot,remove,https://t.me/scam_detectg_bot,,"@scam_detectg_bot is the bot of Scam-detect (""Scam-detect"") (tg-probe)"
2026-10-01,development-wallet,Development Wallet,telegram,remove,https://t.me/TractionEye,,"@TractionEye is the telegram of TractionEye (""TractionEye"") (tg-probe)"
2026-10-01,development-wallet,Development Wallet,bot,remove,https://t.me/TractionEyebot,,"@TractionEyebot is the bot of TractionEye (""TractionEye"") (tg-probe)"
2026-10-01,nimbus-api,Nimbus API,bot,remove,https://t.me/cryptomillionaireapp_bot,,"@cryptomillionaireapp_bot is the bot of Crypto Millionaire Bot (""Crypto Millionaire Bot"") (tg-probe)"
2026-10-01,rift,Rift,bot,remove,https://t.me/TONBridge_robot,,"@TONBridge_robot is the bot of TON Bridge (""TON Bridge"") (tg-probe)"
2026-10-01,spyton-buybot,SpyTON BuyBot,telegram,remove,https://t.me/Tonspybuybot,,"@Tonspybuybot is a bot, moved to the bot field (tg-probe)"
2026-10-01,spyton-buybot,SpyTON BuyBot,bot,replace,,https://t.me/Tonspybuybot,"@Tonspybuybot is a bot, moved from the telegram field (tg-probe)"
2026-10-01,coinstats,CoinStats,bot,remove,https://t.me/pollovotebot,,"@pollovotebot is the bot of Pollo (""Pollo"") (tg-probe)"
2026-10-01,jettons-price-alerts,Jettons Price Alerts,bot,remove,https://t.me/StarzMarketBot,,"@StarzMarketBot is the bot of Starz Market (""Starz Market"") (tg-probe)"
2026-10-01,journalinvest,Journalinvest,bot,remove,https://t.me/tags,,"@tags is the bot of @Tags Bot (""@Tags Bot"") (tg-probe)"
2026-10-01,live-price-toncoin,Live Price TonCoin,telegram,remove,https://t.me/fanton,,"@fanton is the telegram of Fanton Fantasy Football (""Fanton Fantasy Football⚽️"") (tg-probe)"
2026-10-01,live-price-toncoin,Live Price TonCoin,bot,remove,https://t.me/FanTonGameBot,,"@FanTonGameBot is the bot of Fanton Fantasy Football (""Fanton Fantasy Football"") (tg-probe)"
2026-10-01,raggamorffa,RaggaMorffa,bot,remove,https://t.me/pollovotebot,,"@pollovotebot is the bot of Pollo (""Pollo"") (tg-probe)"
2026-10-01,ton-inu-tracker,TON INU Tracker,telegram,remove,https://t.me/toninu_trackerbot,,"@toninu_trackerbot is a bot, moved to the bot field (tg-probe)"
2026-10-01,ton-inu-tracker,TON INU Tracker,bot,replace,,https://t.me/toninu_trackerbot,"@toninu_trackerbot is a bot, moved from the telegram field (tg-probe)"
2026-10-01,ton-mafia-plays,Ton Mafia Plays,bot,remove,https://t.me/tapup_bot,,"@tapup_bot is the bot of TapUp (""TapUp"") (tg-probe)"
2026-10-01,tonk-analyser,Tonk Analyser,telegram,remove,https://t.me/tonkanalyser_bot,,"@tonkanalyser_bot is a bot, moved to the bot field (tg-probe)"
2026-10-01,tonk-analyser,Tonk Analyser,bot,replace,,https://t.me/tonkanalyser_bot,"@tonkanalyser_bot is a bot, moved from the telegram field (tg-probe)"
2026-10-01,tonometer,Tonometer,bot,remove,https://t.me/delabtonbot,,"@delabtonbot is the bot of DeWallet (""DeWallet"") (tg-probe)"
2026-10-01,tonsonar,TonSonar,telegram,remove,https://t.me/tonsonar_bot,,"@tonsonar_bot is a bot, moved to the bot field (tg-probe)"
2026-10-01,tonsonar,TonSonar,bot,replace,,https://t.me/tonsonar_bot,"@tonsonar_bot is a bot, moved from the telegram field (tg-probe)"
2026-10-01,yieldo,Yieldo,telegram,remove,https://t.me/YieldoBot,,"@YieldoBot is a bot, moved to the bot field (tg-probe)"
2026-10-01,yieldo,Yieldo,bot,replace,,https://t.me/YieldoBot,"@YieldoBot is a bot, moved from the telegram field (tg-probe)"
2026-10-01,3xpl,3xpl,telegram,remove,https://t.me/titonnet,,"@titonnet is the telegram of titon.network (""titon.network"") (tg-probe)"
2026-10-01,dton,Dton,bot,remove,https://t.me/AtomicStarBot,,"@AtomicStarBot is the bot of Atomic Star (""Atomic Star"") (tg-probe)"
2026-10-01,chainaware-ai,ChainAware.ai,telegram,remove,https://t.me/ChainAware_Bot,,"@ChainAware_Bot is a bot, moved to the bot field (tg-probe)"
2026-10-01,chainaware-ai,ChainAware.ai,bot,replace,,https://t.me/ChainAware_Bot,"@ChainAware_Bot is a bot, moved from the telegram field (tg-probe)"
2026-10-01,decurity,Decurity,bot,remove,https://t.me/volarianheist_bot,,"@volarianheist_bot is the bot of Volarian Heist (""Volarian Heist"") (tg-probe)"
2026-10-01,scorechain,Scorechain,telegram,remove,https://t.me/scorechainbot,,"@scorechainbot is a bot, moved to the bot field (tg-probe)"
2026-10-01,scorechain,Scorechain,bot,replace,,https://t.me/scorechainbot,"@scorechainbot is a bot, moved from the telegram field (tg-probe)"
2026-10-01,island3,island3,bot,remove,https://t.me/dedustBot,,"@dedustBot is the bot of DeDust (""DeDust"") (tg-probe)"
2026-10-01,transit-swap,Transit Swap,bot,remove,https://t.me/degenerativespacebot,,"@degenerativespacebot is the bot of degenerative (""degenerative"") (tg-probe)"
2026-10-01,utn-staking,UTN Staking,bot,remove,https://t.me/swapsterbot,,"@swapsterbot is the bot of Swapster (""Swapster"") (tg-probe)"
2026-10-01,xbanking,XBANKING,bot,remove,https://t.me/secondlive_bot,,"@secondlive_bot is the bot of SecondLive Bot (""SecondLive Bot"") (tg-probe)"
2026-10-01,telegram-usd-tgusd,Telegram USD (tgusd),bot,remove,https://t.me/torch_ton,,"@torch_ton is the bot of Torch Finance (""Torch Finance"") (tg-probe)"
2026-10-01,snapsim,SnapSIM,telegram,remove,https://t.me/snapsimbot,,"@snapsimbot is a bot, moved to the bot field (tg-probe)"
2026-10-01,snapsim,SnapSIM,bot,replace,,https://t.me/snapsimbot,"@snapsimbot is a bot, moved from the telegram field (tg-probe)"
2026-10-01,connectmeguru-esim,ConnectMeGuru eSIM,telegram,remove,https://t.me/esim_connectmeguru_bot,,"@esim_connectmeguru_bot is a bot, moved to the bot field (tg-probe)"
2026-10-01,connectmeguru-esim,ConnectMeGuru eSIM,bot,replace,,https://t.me/esim_connectmeguru_bot,"@esim_connectmeguru_bot is a bot, moved from the telegram field (tg-probe)"
2026-10-01,hitvpnbot,hitvpnbot,telegram,remove,https://t.me/hitvpnbot,,"@hitvpnbot is a bot, moved to the bot field (tg-probe)"
2026-10-01,hitvpnbot,hitvpnbot,bot,replace,,https://t.me/hitvpnbot,"@hitvpnbot is a bot, moved from the telegram field (tg-probe)"
2026-10-01,netz-run-vpn,NETZ.RUN VPN,telegram,remove,https://t.me/netzrun_bot,,"@netzrun_bot is a bot, moved to the bot field (tg-probe)"
2026-10-01,netz-run-vpn,NETZ.RUN VPN,bot,replace,,https://t.me/netzrun_bot,"@netzrun_bot is a bot, moved from the telegram field (tg-probe)"
2026-10-01,plume-proxy,Plume Proxy,telegram,remove,https://t.me/plumeproxy_bot,,"@plumeproxy_bot is a bot, moved to the bot field (tg-probe)"
2026-10-01,plume-proxy,Plume Proxy,bot,replace,,https://t.me/plumeproxy_bot,"@plumeproxy_bot is a bot, moved from the telegram field (tg-probe)"
2026-10-01,vpn4ton,VPN4TON,telegram,remove,https://t.me/vpn4ton_bot,,"@vpn4ton_bot is a bot, moved to the bot field (tg-probe)"
2026-10-01,vpn4ton,VPN4TON,bot,replace,,https://t.me/vpn4ton_bot,"@vpn4ton_bot is a bot, moved from the telegram field (tg-probe)"
2026-10-01,token-gemston,GEMSTON (GEMSTON),telegram,remove,https://t.me/stonfidex,,"@stonfidex is the telegram of STON.fi (""STON.fi"") (tg-probe)"
2026-10-01,market-playmuse,Market Playmuse,bot,remove,https://t.me/Bee_CoinBot,,"@Bee_CoinBot is the bot of BeeCoin (""BeeCoin 🐝"") (tg-probe)"
2026-10-01,namecatcher,NameCatcher,telegram,remove,https://t.me/NameCatcherBot,,"@NameCatcherBot is a bot, moved to the bot field (tg-probe)"
2026-10-01,namecatcher,NameCatcher,bot,replace,,https://t.me/NameCatcherBot,"@NameCatcherBot is a bot, moved from the telegram field (tg-probe)"
2026-10-01,nft-drop-calendar,NFT Drop Calendar,bot,remove,https://t.me/jobs_web3_bot,,"@jobs_web3_bot is the bot of Web3 Jobs Bot (""Web3 Jobs Bot 💼"") (tg-probe)"
2026-10-01,nftwallet,NFTWallet,bot,remove,https://t.me/fragmentanalyzer_bot,,"@fragmentanalyzer_bot is the bot of Fragment Analyzer (""Fragment Analyzer"") (tg-probe)"
2026-10-01,polytend-auction,POLYTEND (Auction),bot,remove,https://t.me/skull_x_bones_bot,,"@skull_x_bones_bot is the bot of Skull and Bones (""Skull and Bones"") (tg-probe)"
2026-10-01,resistance-dog,Resistance Dog,bot,remove,https://t.me/thegmcoinbot,,"@thegmcoinbot is the bot of GMCoin (""GMCoin"") (tg-probe)"
2026-10-01,the-anime,The Anime,bot,remove,https://t.me/cubesonthewater_bot,,"@cubesonthewater_bot is the bot of Cubes (""Cubes?"") (tg-probe)"
2026-10-01,tonny,TONNY,bot,remove,https://t.me/pixelxfarm_bot,,"@pixelxfarm_bot is the bot of pixelxfarm_bot (""pixelxfarm_bot"") (tg-probe)"
2026-10-01,ton-gifts,TON Gifts,telegram,remove,https://t.me/joinretrocoin,,username does not exist on t.me on 2026-10-01 (tg-probe)
2026-10-01,quest-labs,Quest Labs,telegram,remove,https://t.me/torch_ton,,"@torch_ton is the telegram of Torch Finance (""Torch Finance"") (tg-probe)"
2026-10-01,hypecoin,Hypecoin,bot,remove,https://t.me/thetonmapbot,,"@thetonmapbot is the bot of TON Map (""TON Map"") (tg-probe)"
2026-10-01,investment-kingyru-en,Investment kingyru EN,telegram,remove,https://t.me/JettonTonGuard,,"@JettonTonGuard is the telegram of JettonTonGuard (""JettonTonGuard"") (tg-probe)"
2026-10-01,investment-kingyru-en,Investment kingyru EN,bot,remove,https://t.me/JettonTonGuard_Bot,,"@JettonTonGuard_Bot is the bot of JettonTonGuard (""JettonTonGuard"") (tg-probe)"
2026-10-01,preseller,Preseller,telegram,remove,https://t.me/tonpreseller_bot,,"@tonpreseller_bot is a bot, moved to the bot field (tg-probe)"
2026-10-01,preseller,Preseller,bot,replace,,https://t.me/tonpreseller_bot,"@tonpreseller_bot is a bot, moved from the telegram field (tg-probe)"
2026-10-01,major-1,@Major,telegram,remove,https://t.me/major,,@major is a bot and already in the bot field (tg-probe)
2026-10-01,nft-access-guardian-bot,NFT Access Guardian Bot,telegram,remove,https://t.me/access_ton_control_bot,,"@access_ton_control_bot is a bot, moved to the bot field (tg-probe)"
2026-10-01,nft-access-guardian-bot,NFT Access Guardian Bot,bot,replace,,https://t.me/access_ton_control_bot,"@access_ton_control_bot is a bot, moved from the telegram field (tg-probe)"
2026-10-01,telegram-one-top,Telegram one Top,bot,remove,https://t.me/notonoffice_bot,,"@notonoffice_bot is the bot of notonbot (""Noton_bot"") (tg-probe)"
2026-10-01,ton-place,ton.place,telegram,remove,https://t.me/HN_Wallet_bot,,"@HN_Wallet_bot is the telegram of HN wallet (""HN wallet"") (tg-probe)"
2026-10-01,tonpie,TONpie,bot,remove,https://t.me/Explaceio,,"@Explaceio is the bot of Explace (""Explace"") (tg-probe)"
2026-10-01,whowhere,WhoWhere,telegram,remove,https://t.me/Earnigram_Vanity_Ton_Bot,,"@Earnigram_Vanity_Ton_Bot is the telegram of Vanity TON (""Vanity Ton"") (tg-probe)"
2026-10-01,fragment-checker-bot,Fragment Checker Bot,telegram,remove,https://t.me/opt_snap,,"@opt_snap is the telegram of Optsnap Trading (""OptSnap Trading"") (tg-probe)"
2026-10-01,splitfast,SplitFast,telegram,remove,https://t.me/SplitFastBot,,"@SplitFastBot is a bot, moved to the bot field (tg-probe)"
2026-10-01,splitfast,SplitFast,bot,replace,,https://t.me/SplitFastBot,"@SplitFastBot is a bot, moved from the telegram field (tg-probe)"
2026-10-01,ton-byte,TON Byte,telegram,remove,https://t.me/defexa,,"@defexa is the telegram of Defexa (""Defexa"") (tg-probe)"
2026-10-01,crazy-llama-english,Crazy Llama English,telegram,remove,https://t.me/CrazyLlamaEnglish_bot,,"@CrazyLlamaEnglish_bot is a bot, moved to the bot field (tg-probe)"
2026-10-01,crazy-llama-english,Crazy Llama English,bot,replace,,https://t.me/CrazyLlamaEnglish_bot,"@CrazyLlamaEnglish_bot is a bot, moved from the telegram field (tg-probe)"
2026-10-01,tinlake,Tinlake,telegram,remove,https://t.me/tinlake_bot,,"@tinlake_bot is a bot, moved to the bot field (tg-probe)"
2026-10-01,tinlake,Tinlake,bot,replace,,https://t.me/tinlake_bot,"@tinlake_bot is a bot, moved from the telegram field (tg-probe)"
2026-10-01,skull-and-bones,Skull and Bones,telegram,remove,https://t.me/BBQCoinTeam,,"@BBQCoinTeam is the telegram of IEM Hash (""IEMHASH"") (tg-probe)"
2026-10-01,wealthquiz,WealthQuiz,telegram,remove,https://t.me/JVault,,"@JVault is the telegram of JVault (""JVault"") (tg-probe)"
2026-10-01,clickmiobot,Clickmiobot,telegram,remove,https://t.me/miomigame,,"@miomigame is the telegram of MiomiGame (""MIOMI.GAME"") (tg-probe)"
2026-10-01,crona,CRONA,telegram,remove,https://t.me/sociafober,,"@sociafober is the telegram of Sociafober (""sociafober"") (tg-probe)"
2026-10-01,cyber-village,Cyber Village,bot,remove,https://t.me/luckydrawmasterbot,,"@luckydrawmasterbot is the bot of Lucky Draw Master (""LuckyDrawMaster"") (tg-probe)"
2026-10-01,dungeon-of-kitsu,Dungeon of KITSU,telegram,remove,https://t.me/dungeonsofkitsune_bot,,"@dungeonsofkitsune_bot is a bot, moved to the bot field (tg-probe)"
2026-10-01,dungeon-of-kitsu,Dungeon of KITSU,bot,replace,,https://t.me/dungeonsofkitsune_bot,"@dungeonsofkitsune_bot is a bot, moved from the telegram field (tg-probe)"
2026-10-01,fanton,Fanton,telegram,remove,https://t.me/fantongamebot,,"@fantongamebot is a bot, moved to the bot field (tg-probe)"
2026-10-01,fanton,Fanton,bot,replace,,https://t.me/fantongamebot,"@fantongamebot is a bot, moved from the telegram field (tg-probe)"
2026-10-01,landrocker-miner,Landrocker Miner,telegram,remove,https://t.me/landrocker_miner_bot,,"@landrocker_miner_bot is a bot, moved to the bot field (tg-probe)"
2026-10-01,landrocker-miner,Landrocker Miner,bot,replace,,https://t.me/landrocker_miner_bot,"@landrocker_miner_bot is a bot, moved from the telegram field (tg-probe)"
2026-10-01,avangifts,AvanGifts,telegram,remove,https://t.me/avangifts_bot,,"@avangifts_bot is a bot, moved to the bot field (tg-probe)"
2026-10-01,avangifts,AvanGifts,bot,replace,,https://t.me/avangifts_bot,"@avangifts_bot is a bot, moved from the telegram field (tg-probe)"
2026-10-01,fnot-13-12,$FNOT 13:12,telegram,remove,https://t.me/stonfidex,,"@stonfidex is the telegram of STON.fi (""STON.fi"") (tg-probe)"
2026-10-01,defyton,DefyTON,telegram,remove,https://t.me/DefyTONBot,,"@DefyTONBot is a bot, moved to the bot field (tg-probe)"
2026-10-01,defyton,DefyTON,bot,replace,,https://t.me/DefyTONBot,"@DefyTONBot is a bot, moved from the telegram field (tg-probe)"
2026-10-01,gomining,GoMining,bot,remove,https://t.me/cryptonbuybot,,"@cryptonbuybot is the bot of Crypton Buy Bot (""Crypton BuyBot"") (tg-probe)"
2026-10-01,grand-casino-ton,Grand Casino TON,telegram,remove,https://t.me/tg_grand_casino_bot,,"@tg_grand_casino_bot is a bot, moved to the bot field (tg-probe)"
2026-10-01,grand-casino-ton,Grand Casino TON,bot,replace,,https://t.me/tg_grand_casino_bot,"@tg_grand_casino_bot is a bot, moved from the telegram field (tg-probe)"
2026-10-01,prophecy-pulse-telegram-https-t-me-prophecypulse-bot,Prophecy Pulse [Telegram](https://t.me/prophecypulse_bot),telegram,remove,https://t.me/prophecypulse_bot,,"@prophecypulse_bot is a bot, moved to the bot field (tg-probe)"
2026-10-01,prophecy-pulse-telegram-https-t-me-prophecypulse-bot,Prophecy Pulse [Telegram](https://t.me/prophecypulse_bot),bot,replace,,https://t.me/prophecypulse_bot,"@prophecypulse_bot is a bot, moved from the telegram field (tg-probe)"
2026-10-01,sportsbet,Sportsbet,bot,remove,https://t.me/tonshakerbot,,"@tonshakerbot is the bot of TON Shaker (""TON Shaker"") (tg-probe)"
2026-10-01,ton-lottery,TON Lottery,telegram,remove,https://t.me/tonproject_bot,,"@tonproject_bot is a bot, moved to the bot field (tg-probe)"
2026-10-01,ton-lottery,TON Lottery,bot,replace,,https://t.me/tonproject_bot,"@tonproject_bot is a bot, moved from the telegram field (tg-probe)"
2026-10-01,okx,OKX,x,remove,https://x.com/fintopio,,"@fintopio is ""fintopio"", the account of Fintopio (x profile)"
2026-10-01,swipelux,Swipelux,x,remove,https://x.com/AlwaysMoneyOrg,,"@AlwaysMoneyOrg is ""AlwaysMoney"", the account of AlwaysMoney Exchange (x profile)"
2026-10-01,solo,Solo,x,remove,https://x.com/The_StarAI,,"@The_StarAI is ""StarAI"", the account of StarAI (x profile)"
2026-10-01,ton-dns,TON DNS,x,remove,https://x.com/ton_blockchain,,"@ton_blockchain is ""TON 💎"", the account of TON Core (x profile)"
2026-10-01,coincodex,CoinCodex,x,remove,https://x.com/ton_blockchain,,"@ton_blockchain is ""TON 💎"", the account of TON Core (x profile)"
2026-10-01,solidity-auditor,Solidity auditor,x,confirm,https://x.com/legalkornet,https://x.com/legalkornet,profile links to legal-kornet.com (x profile)
2026-10-01,bimcoin-ton-defi-protocol,Bimcoin - TON DeFi Protocol.,x,confirm,https://x.com/Bim_Light,https://x.com/Bim_Light,profile links to bimlight.org (x profile)
2026-10-01,the-anime,The Anime,x,remove,https://x.com/H1997_x,,"@H1997_x is ""Arts of Generation | AI NFTs"", the account of LOA Hero (x profile)"
2026-10-01,the-future-is-ton,the future is TON,x,confirm,https://x.com/cointool,https://x.com/cointool,profile links to ct.app (x profile)
2026-10-01,frutoncrypto,Frutoncrypto,x,remove,https://x.com/Pleasure_PLQT,,"@Pleasure_PLQT is ""Pleasure Quest"", the account of Pleasure Quest (x profile)"
