removed_slug,removed_name,kept_slug,kept_name,key,date
token-xrocket,XROCK,xrocket,@XRocket,bot_id=5014831088,2026-10-03
trusta-ton-app,Trusta TON App,trustatonapp-bot,TrustaTONApp_bot,bot_id=7470254574,2026-10-03
daolama-co-lending,daolama.co lending,daolama,DAOLama,bot_id=5496611006,2026-10-03
diamore-co-app,Diamore.co App,diamore,Diamore,bot_id=7016802490,2026-10-03
token-blum,Blum (BLUM),blum-memepad,@Blum,bot_id=6865543862,2026-10-03
nobby-game-fortune,Nobby.Game Fortune,nobby-game,Nobby Game,bot_id=6526780279,2026-10-03
nobbygame-royale-sox,NobbyGame Royale SOX,nobby-game,Nobby Game,bot_id=6526780279,2026-10-03
dtrade-ton-trading-bot,DTrade,dtrade,@DTrade,bot_id=7287821722,2026-10-03
ton-mole,TON MOLE,mole,Mole,bot_id=7217266352,2026-10-03
degenerative-space,degenerative space,degenerative,degenerative,bot_id=6433696133,2026-10-03
catton,Catton,cattonai,CattonAi,bot_id=6501638112,2026-10-03
hangarx,HangarX,hangarx-gaming,HangarX Gaming,bot_id=7374368021,2026-10-03
fanton,Fanton,fanton-fantasy-football,Fanton Fantasy Football,bot_id=5570544425,2026-10-03
fanton-fantasy,Fanton Fantasy,fanton-fantasy-football,Fanton Fantasy Football,bot_id=5570544425,2026-10-03
genopets-pixelton,Genopets: Pixelton,genopets,Genopets,bot_id=6841378115,2026-10-03
duck-my-duck,Duck My Duck,my-duck,My Duck,bot_id=7312691951,2026-10-03
boinkers-parody-game,Boinkers Parody Game,boinkers,Boinkers,bot_id=7369661187,2026-10-03
hamster,Hamster,hamster-kombat,Hamster Kombat,bot_id=7018368922,2026-10-03
tomarket-ai,Tomarket.ai,tomarket-app,Tomarket App,bot_id=7398098542,2026-10-03
seed-app-mine-seed,SEED App,seed,SEED,bot_id=6508172553,2026-10-03
getbonus,GetBonus,getbonus-2,GetBonus,bot_id=7536732117,2026-10-03
gobblup-feed-earn,GobblUp- Feed & Earn,gobblup,GobblUp,bot_id=7407885080,2026-10-03
hempton-farm,Hempton Farm,hempton,Hempton,bot_id=6981513945,2026-10-03
myleg,MyLeg,mylegton,mylegton,bot_id=7321301043,2026-10-03
fairgram-predict-gas,FairGram Predict Gas,fairgram,FairGram,bot_id=8794198341,2026-10-03
stonfi-bot,STON.fi Bot,ston-fi,STON.fi,telegram_id=1580988846,2026-10-03
kirkafi-2,KirkaFi,kirkafi,KirkaFi,telegram_id=2008215323,2026-10-03
not-wise-2,NOT Wise,not-wise,NOT Wise,telegram_id=2126675037,2026-10-03
diamond-bazar-2-2,Diamond Bazar,diamond-bazar,Diamond Bazar,telegram_id=2029148505,2026-10-03
chess-zombies,Chess Zombies,chess-zombies-project,Chess Zombies project,telegram_id=1755155357,2026-10-03
hug-community,HUG Community,hug,Hug,telegram_id=2248409565,2026-10-03
clayton,Clayton,clayton-game,Clayton Game,telegram_id=2082405918,2026-10-03
space-hunters-hub,Space Hunters HUB,space-hunters-ecosystem,Space Hunters Ecosystem,telegram_id=2045627986,2026-10-03
batte-planes,Batte Planes,battle-planes,Battle Planes,telegram_id=1572311523,2026-10-03
beardrop,BearDrop,the-beardrop,The BearDrop,telegram_id=2215459326,2026-10-03
