project,project_slug,organisation,organisation_slug,relation,source
@Walt,wallet,The Open Platform,the-open-platform,built by,https://www.theblock.co/press-releases/361030/the-open-platform-is-first-unicorn-in-web3-ecosystem-in-telegram-at-1bn-valuation
Wallet Pay,wallet-pay,The Open Platform,the-open-platform,built by,https://www.theblock.co/press-releases/361030/the-open-platform-is-first-unicorn-in-web3-ecosystem-in-telegram-at-1bn-valuation
PlayDeck,playdeck,The Open Platform,the-open-platform,part of,https://www.playdeck.io/
STON.fi,ston-fi,The Open Platform,the-open-platform,part of the ecosystem of,https://www.theblock.co/press-releases/361030/the-open-platform-is-first-unicorn-in-web3-ecosystem-in-telegram-at-1bn-valuation
Getgems,getgems-mtmajh,The Open Platform,the-open-platform,part of the ecosystem of,https://www.theblock.co/press-releases/361030/the-open-platform-is-first-unicorn-in-web3-ecosystem-in-telegram-at-1bn-valuation
Keeper,tonkeeper,The Open Platform,the-open-platform,part of the ecosystem of,https://www.theblock.co/press-releases/361030/the-open-platform-is-first-unicorn-in-web3-ecosystem-in-telegram-at-1bn-valuation
State.io,state-io,PlayDeck,playdeck,published by,https://www.playdeck.io/
Idle Legion,idle-legion,PlayDeck,playdeck,published by,https://www.playdeck.io/
WatBird,watbird,GAMEE,gamee,built by,https://www.animocabrands.com/gamee-receives-investment-from-ton-ventures
Moon Cards,moon-cards,GAMEE,gamee,built by,https://playtoearn.com/news/gamee-launches-moon-cards-a-memecoin-powered-tcg-on-telegram
GAMEE,gamee,Animoca Brands,animoca-brands,subsidiary of,https://www.animocabrands.com/gamee-receives-investment-from-ton-ventures
GAMEE,gamee,TON Ventures,ton-ventures,invested by,https://www.animocabrands.com/gamee-receives-investment-from-ton-ventures
GAMEE,gamee,Pantera Capital,pantera-capital,invested by,https://www.animocabrands.com/gamee-receives-investment-from-pantera-capital
Notcoin,notcoin-30j8gm,Open Builders,open-builders,built by,https://medium.com/triangle-builders/the-journey-of-open-builders-a598f5aa27fa
Tonstarter,tonstarter,Open Builders,open-builders,built by,https://medium.com/triangle-builders/the-journey-of-open-builders-a598f5aa27fa
Community,community,Open Builders,open-builders,built by,https://medium.com/triangle-builders/the-journey-of-open-builders-a598f5aa27fa
Access,access,Open Builders,open-builders,built by,https://medium.com/triangle-builders/the-journey-of-open-builders-a598f5aa27fa
Contests,contests,Open Builders,open-builders,built by,https://medium.com/triangle-builders/the-journey-of-open-builders-a598f5aa27fa
Giveaway,giveaway,Open Builders,open-builders,built by,https://medium.com/triangle-builders/the-journey-of-open-builders-a598f5aa27fa
Early,early,Open Builders,open-builders,built by,https://medium.com/triangle-builders/the-journey-of-open-builders-a598f5aa27fa
Affluent,affluent-tvl,TVM Ventures,tvm-ventures,invested by,https://www.theblock.co/post/338477/ton-foundation-steve-yun-tvm-ventures
Torch Finance,torch,TVM Ventures,tvm-ventures,invested by,https://www.theblock.co/post/338477/ton-foundation-steve-yun-tvm-ventures
Fiva,fiva,TVM Ventures,tvm-ventures,invested by,https://www.theblock.co/post/338477/ton-foundation-steve-yun-tvm-ventures
Memes Lab,memes-lab,TVM Ventures,tvm-ventures,invested by,https://www.theblock.co/post/338477/ton-foundation-steve-yun-tvm-ventures
TON Strategy,ton-strategy,TVM Ventures,tvm-ventures,invested by,https://cryptorank.io/funds/tvm-ventures
Delabs Games,delabs-games,TON Ventures,ton-ventures,invested by,https://www.rootdata.com/Investors/detail/TON%20Ventures?k=MTI2ODA%3D
Goat Gaming,goat-gaming,TON Ventures,ton-ventures,invested by,https://www.rootdata.com/Investors/detail/TON%20Ventures?k=MTI2ODA%3D
Memetics,memetics,TON Ventures,ton-ventures,invested by,https://www.rootdata.com/Investors/detail/TON%20Ventures?k=MTI2ODA%3D
TAC,tac,TON Ventures,ton-ventures,invested by,https://www.rootdata.com/Investors/detail/TON%20Ventures?k=MTI2ODA%3D
STON.fi,ston-fi,TON Ventures,ton-ventures,invested by,https://www.rootdata.com/Investors/detail/TON%20Ventures?k=MTI2ODA%3D
EVAA Protocol,evaa-protocol,TON Ventures,ton-ventures,invested by,https://www.rootdata.com/Investors/detail/TON%20Ventures?k=MTI2ODA%3D
TONCash,toncash,TON Ventures,ton-ventures,invested by,https://www.rootdata.com/Investors/detail/TON%20Ventures?k=MTI2ODA%3D
bionapp,bionapp,TON Ventures,ton-ventures,invested by,https://www.rootdata.com/Investors/detail/TON%20Ventures?k=MTI2ODA%3D
Prophecy Pulse,prophecy-pulse-telegram-https-t-me-prophecypulse-bot,TON Accelerator,ton-accelerator,first cohort of,https://ton.org/en/ton-accelerator-program-s-first-cohort-participants
Storm Trade,storm-trade,TON Accelerator,ton-accelerator,first cohort of,https://ton.org/en/ton-accelerator-program-s-first-cohort-participants
EVAA Protocol,evaa-protocol,TON Accelerator,ton-accelerator,first cohort of,https://ton.org/en/ton-accelerator-program-s-first-cohort-participants
DeDust,dedust-io,TON Accelerator,ton-accelerator,first cohort of,https://ton.org/en/ton-accelerator-program-s-first-cohort-participants
TON.SKI Access,ton-ski-access,TON Accelerator,ton-accelerator,first cohort of,https://ton.org/en/ton-accelerator-program-s-first-cohort-participants
Pluto Studios,pluto-studios,TON Accelerator,ton-accelerator,first cohort of,https://ton.org/en/ton-accelerator-program-s-first-cohort-participants
Prophecy Pulse,prophecy-pulse-telegram-https-t-me-prophecypulse-bot,TONcoin.Fund,toncoin-fund,invested by,https://ton.org/en/ton-accelerator-program-s-first-cohort-participants
Storm Trade,storm-trade,TONcoin.Fund,toncoin-fund,invested by,https://ton.org/en/ton-accelerator-program-s-first-cohort-participants
DeDust,dedust-io,TONcoin.Fund,toncoin-fund,invested by,https://ton.org/en/ton-accelerator-program-s-first-cohort-participants
Telegram Growth Hub,telegram-growth-hub,The Open Platform,the-open-platform,launched by,"https://www.streetinsider.com/Globe+Newswire/OKX+Ventures,+The+Open+Platform+and+Folius+Ventures+Launch+$10+Million+Telegram+Growth+Hub/23896789.html"
Telegram Growth Hub,telegram-growth-hub,OKX Ventures,okx-ventures,launched by,"https://www.streetinsider.com/Globe+Newswire/OKX+Ventures,+The+Open+Platform+and+Folius+Ventures+Launch+$10+Million+Telegram+Growth+Hub/23896789.html"
Telegram Growth Hub,telegram-growth-hub,Folius Ventures,folius-ventures,launched by,"https://www.streetinsider.com/Globe+Newswire/OKX+Ventures,+The+Open+Platform+and+Folius+Ventures+Launch+$10+Million+Telegram+Growth+Hub/23896789.html"
