date,project,project_slug,round,amount_usd,valuation_usd,lead_investors,investors,sources,evidence
2026-08-25,YOUR TIME App,your-time-app,Investment,480000,,,,project's own channel,https://t.me/yourtime_tma/198
2026-05-27,GAMEE,gamee,M&A,11000000,18000000,,,DropsTab,https://dropstab.com/coins/gamee/fundraising
2026-05-23,Sleepagotchi,sleepagotchi,Seed+,3000000,,,,DefiLlama,https://defillama.com/raises
2026-05-10,PEPEK,,Public sale,50000,,,,project's own channel,https://t.me/pepekton/46
2026-01-13,AlphaTON Capital,,Registered direct offering,15000000,,H.C. Wainwright,,fund or launchpad site,https://www.globenewswire.com/news-release/2026/01/13/3218209/0/en/AlphaTON-Capital-Corp-Announces-15-Million-Registered-Direct-Offering.html
2025-12-09,AURA x CAPITAL,aura-x-capital,Seed,,,TBV; Yard[hub]; TVA Ventures,,project's own channel,https://t.me/aura_x_capital/6
2025-11-27,Nexton,nexton,Strategic,4000000,,,Amber Group; VistaLabs; Metalabs Ventures; Kaia Foundation; TON Ventures; STON.fi,DefiLlama,https://defillama.com/raises
2025-11-17,WizzWoods,wizzwoods,Series A,10000000,,Animoca Brands; Infinity Ventures Crypto,,DefiLlama,https://defillama.com/raises
2025-10-30,Capybobo,token-capybobo,Funding Round,8000000,,Pluto.Vision; Pluto Studio,HashKey Capital; Animoca Brands; Mirana Ventures; Folius Ventures; Mirana,DropsTab; DefiLlama; project's own channel,https://dropstab.com/coins/capybobo/fundraising https://defillama.com/raises https://t.me/capybobonews/156
2025-09-30,Not Meme,token-not-meme,Investment,,,,The Fund,project's own channel,https://t.me/tonstrategy/331 https://t.me/notmeme/331
2025-09-03,AlphaTON Capital,,Private placement,38200000,,,,fund or launchpad site,https://www.quiverquant.com/news/AlphaTON+Capital+Launches+as+Digital+Asset+Treasury+Company+to+Access+Toncoin+and+Telegram+Ecosystem
2025-08-08,TON Strategy,ton-strategy,PIPE,558000000,,Kingsway Capital,Vy Capital; Blockchain.com; Ribbit Capital; Graticule; Pantera; TVM Ventures; The Open Platform (TOP),fund or launchpad site,https://www.sec.gov/Archives/edgar/data/1566610/000149315225011727/ex99-1.htm
2025-07-30,STON.fi,ston-fi,Series A,9500000,,Ribbit Capital; CoinFund,Delphi Ventures; Karatage; The Open Platform; TON Ventures,DefiLlama; fund or launchpad site; project's own channel,https://defillama.com/raises https://www.theblock.co/press-releases/364796/ston-fi-dev-raises-9-5m-series-a-to-scale-defi-on-ton https://t.me/stonfidex/1026
2025-07-21,CoinRaces,coinraces,Seed,,,,,project's own channel,https://t.me/coinraces/275
2025-07-03,The Open Platform,the-open-platform,Series B,28500000,,Ribbit Capital,Pantera Capital,DefiLlama; fund or launchpad site,https://defillama.com/raises https://www.coindesk.com/business/2025/07/03/the-open-platform-becomes-first-ton-unicorn-following-285m-raise https://www.theblock.co/post/360931/ton-developer-the-open-platform-raises-28-5-million-series-a-at-1-billion-valuation
2025-06-18,TAC,token-tac,Strategic Round,5000000,,Hack VC,,DropsTab; DefiLlama,https://dropstab.com/coins/tac/fundraising https://defillama.com/raises
2025-06-12,Dragon Farm,dragon-farm,Friends and family,,,,,project's own channel,https://t.me/dragonfarm/69
2025-05-29,Tradoor,tradoor,Strategic,1900000,,,,project's own channel,https://t.me/tradoor_io/498
2025-03-28,APIS,apis,Investment,,,,,project's own channel,https://t.me/apis_io/141
2025-03-20,TON,,Token purchase,400000000,,,"Sequoia Capital; Ribbit Capital; Benchmark; Kingsway Capital; VY Capital; Draper Associates; CoinFund; Libertus Capital; Hypershere; SkyBridge Capital; Karatage; Ribbit; Kingsway; Vy Capital; Hypersphere; SkyBridge; Karatage (total over $400M, not per fund)",DefiLlama; fund or launchpad site,https://defillama.com/raises https://www.theblock.co/post/347303/telegram-based-ton-foundation-raises-over-400-million-with-token-sale
2025-03-04,Affluent,affluent-tvl,Funding round,1800000,,TVM Ventures,Kiln; B-Harvest; VistaLabs,project's own channel,https://t.me/affluent/53
2025-02-28,Acki Nacki,acki-nacki,,6000000,,,Kingsway Capital; K5 Global; Hack VC; Blockchain.com Ventures; Original Capital,DefiLlama,https://defillama.com/raises
2025-02-28,Boinkers,boinkers,Investment,,,a16z speedrun,,project's own channel,https://t.me/boinkersnews/978
2025-02-19,Cygnus,,Pre-Seed,20000000,,,Mirana Ventures; OKX Ventures; Manifold; Optimism Foundation; G-20 Group; eGirl Capital; UpHonest Capital,DefiLlama,https://defillama.com/raises
2025-02-18,Factorial Finance,,Seed,1800000,,TVM Ventures,,fund or launchpad site,https://en.cryptonomist.ch/2025/02/18/tvm-ventures-invests-5-75-million-dollars-in-defi-and-socialfi-on-ton/
2025-02-18,Memes Lab,memes-lab,Seed,2450000,,Lemniscap,TVM Ventures; Animoca Brands; OKX Ventures; GSR; Mirana Ventures; Amber Group; KuCoin Ventures; Gate Ventures; Cypher Capital,fund or launchpad site; DefiLlama; project's own channel,https://en.cryptonomist.ch/2025/02/18/tvm-ventures-invests-5-75-million-dollars-in-defi-and-socialfi-on-ton/ https://defillama.com/raises https://t.me/lab_trade/246
2025-02-18,Torch Finance,torch,Investment,1500000,,TVM Ventures,Michael Egorov,fund or launchpad site; DefiLlama,https://en.cryptonomist.ch/2025/02/18/tvm-ventures-invests-5-75-million-dollars-in-defi-and-socialfi-on-ton/ https://defillama.com/raises https://www.bitget.com/news/detail/12560604615781
2025-02-13,Fiva,fiva,Investment,,,,TVM Ventures,project's own channel,https://t.me/fiva_protocol/68
2025-02-12,Blum,blum-memepad,Seed Round,5000000,,gumi Crypto Capital,YZi Labs; The Spartan Group; No Limit Holdings; The Open Platform; OKX Ventures; Bitscale Capital,DropsTab; DefiLlama,https://dropstab.com/coins/blum/fundraising https://defillama.com/raises
2025-02-10,AKEDO Games,akedo-games,Investment,,,Karatage,Collab+Currency; The Open Platform; TON Ventures; Sfermion; Marblex; Gagra Ventures; Kenetic Capital; Seed Club,project's own channel,https://t.me/akedofun/457
2025-02-03,GOAT Gaming,goat-gaming,Strategic,4000000,,TON Ventures; Karatage; Amber Group; Bitscale Capital,Framework Ventures; Mirana Ventures; Folius Ventures; Sfermion; The Spartan Group; Dune Ventures; Sanctor Capital; Infinity Ventures Crypto; Gate Ventures; DWeb3 Capital; Ocular VC; Play Ventures; Next Web Capital; Presto Labs; Ancient8; Skycatcher; Avocado DAO; Razer; KGeN; Ready Player DAO; Everblue Management; Great South Gate; Amber; Bitscale,DefiLlama; fund or launchpad site,https://defillama.com/raises https://www.nftgators.com/telegram-based-goat-gaming-secures-4m-strategic-round-from-ton-ventures-and-others/
2025-01-20,DuckChain,duckchain,Strategic Round,,,,,DropsTab,https://dropstab.com/coins/duckchain/fundraising
2025-01-17,EVAA Protocol,evaa-protocol,Private Token Sale,2500000,,,TON Ventures; Polymorphic Capital; Animoca Brands; CMT Digital; Mythos Ventures; WAGMI Ventures,DropsTab; DefiLlama,https://dropstab.com/coins/evaa-protocol/fundraising https://defillama.com/raises
2025,TON Strategy,ton-strategy,Preferred stock offering,5000000,,,,fund or launchpad site,https://www.sec.gov/Archives/edgar/data/1566610/000149315226013849/ex99-1.htm
2024-12-31,Sabai Protocol,,Investment,,,,Victus Capital,project's own channel,https://t.me/sabaiecoverse/1611
2024-12-20,DuckChain,duckchain,Funding Round,5000000,,,Dao5; Offchain Labs; Kenetic Capital; DWF Ventures; Oak Grove Ventures; Skyland Ventures; dao5; Tandem by Offchain Labs; Geekcartel; Gate Labs; Presto,DropsTab; DefiLlama; project's own channel,https://dropstab.com/coins/duckchain/fundraising https://defillama.com/raises https://t.me/duckchainann/296
2024-12-10,TON Ventures,ton-ventures,Investment,5000000,,OKX Ventures,,fund or launchpad site,https://www.okx.com/en-us/learn/okx-ton-ventures
2024-12-03,OpenPad,openpad,Seed/strategic,2000000,,Basics Capital,Protein Capital; Spicy Capital,project's own channel,https://t.me/openpad_channel/1029
2024-11-28,PinGo,token-pingo,,,,UXLINK,,DefiLlama,https://defillama.com/raises
2024-11-11,TAC,token-tac,Seed Round,6500000,,Hack VC; Symbolic Capital,Hoxton Ventures; Animoca Brands; Primitive Ventures; P2 Ventures; Karatage; The Spartan Group; Paper Ventures; Bitscale Capital; Ankr; CMT Digital; Sandeep Nailwal; Mentat Group; Primitive; Animoca Ventures; Spartan Capital; TON Ventures,DropsTab; DefiLlama; fund or launchpad site,https://dropstab.com/coins/tac/fundraising https://defillama.com/raises https://www.theblock.co/post/325410/tac-seed-round-ton-telegram-evm
2024-11-05,Blum,blum-memepad,Funding Round,,,The Open Platform (TOP),,DropsTab; DefiLlama,https://dropstab.com/coins/blum/fundraising https://defillama.com/raises
2024-11-01,Delabs Games,delabs-games,Strategic,,,TON Ventures,,DefiLlama,https://defillama.com/raises
2024-11,FanIO,,Accelerator cohort,,,TON Accelerator (ton:acc),Mantle Ecosystem Fund; TON Ventures; GSR; Bybit,fund or launchpad site,https://t.me/s/accelerator_ton
2024-11,Qooverse,,Accelerator cohort,,,TON Accelerator (ton:acc),Mantle Ecosystem Fund; TON Ventures; GSR; Bybit,fund or launchpad site,https://t.me/s/accelerator_ton
2024-11,Vooi,,Accelerator cohort,,,TON Accelerator (ton:acc),Mantle Ecosystem Fund; TON Ventures; GSR; Bybit,fund or launchpad site,https://t.me/s/accelerator_ton
2024-10-30,Telegram Growth Hub,telegram-growth-hub,Fund launch,10000000,,,OKX Ventures; The Open Platform; Folius Ventures,fund or launchpad site,https://www.manilatimes.net/2024/10/30/tmt-newswire/globenewswire/okx-ventures-the-open-platform-and-folius-ventures-launch-10-million-telegram-growth-hub/1993857
2024-10-15,Storm Trade,storm-trade,IDO on ChainGPT,,12000000,,,DropsTab,https://dropstab.com/coins/storm-trade/fundraising
2024-10-14,Flappy Bird,flappy-bird,Seed,2000000,,Kenetic Capital; Scytale Digital,,DefiLlama,https://defillama.com/raises
2024-10-12,PinGo,token-pingo,Seed,,,,CGV Capital; K24 Ventures; CatcherVC; LandScape Capital,DefiLlama,https://defillama.com/raises
2024-10-08,TON,,Strategic Round,10000000,,Gate Ventures,,DropsTab; DefiLlama,https://dropstab.com/coins/ton/fundraising https://defillama.com/raises
2024-09-23,RoOLZ,roolz,Private Round,1000000,,TON Ventures; Animoca Brands,,DefiLlama; fund or launchpad site,https://defillama.com/raises https://www.tekedia.com/animoca-brands-strategic-investment-in-roolz-telegram-games/
2024-09-18,TON,,Funding Round,30000000,,Bitget; Foresight Ventures,,DropsTab; DefiLlama,https://dropstab.com/coins/ton/fundraising https://defillama.com/raises
2024-09-10,Blum,blum-memepad,Funding Round,,,Binance Labs,,DropsTab; fund or launchpad site,https://dropstab.com/coins/blum/fundraising https://crypto.news/binance-labs-invests-in-telegram-mini-app-blum/
2024-09-06,Roach Racing Club,roach-racing-club,Angel,,,,Mr. Block; Fiskantes; Nikita Ovchinnik; Mick; Theo; Unidentified DAO; DAPPCRAFT,project's own channel,https://t.me/roachracingclub/10
2024-08-21,Fanton,,Seed Round,1000000,,,,DropsTab,https://dropstab.com/coins/fanton/fundraising
2024-08-21,GAMEE,gamee,Funding Round,,,Pantera Capital; Pantera,TON Ventures; Binance Labs; Animoca Brands,DropsTab; DefiLlama; project's own channel,https://dropstab.com/coins/gamee/fundraising https://defillama.com/raises https://t.me/watbird/177 https://t.me/gameechannel/895
2024-08-16,GAMEE,gamee,Funding Round,,,,TON Ventures,DropsTab; project's own channel,https://dropstab.com/coins/gamee/fundraising https://t.me/watbird/171
2024-08-15,Tradoor,tradoor,Pre-seed,,,TON Ventures,,project's own channel,https://t.me/tradoor_io/89
2024-08-08,TONX,tonx,Pre-Seed & Seed,4000000,,SNZ Holding; Summer Ventures,,DefiLlama; project's own channel,https://defillama.com/raises https://t.me/tonxstudio/193
2024-08-07,Kuroro Ranch,kuroro-ranch,Strategic,2500000,,Animoca; Sanctor,,project's own channel,https://t.me/kuroroofficial/45
2024-07-30,Storm Trade,storm-trade,IDO on Magic Square,150000,12000000,,,DropsTab,https://dropstab.com/coins/storm-trade/fundraising
2024-07-26,LayerPixel,,Seed,2000000,,Kenetic Capital,Foresight Ventures; Waterdrip Capital; VentureSouq; Web3 Port Foundation; Microcosm Research; TMM Club; Foresight Venture; Web3Port Foundation,fund or launchpad site; project's own channel,https://www.bitget.com/news/detail/12560604120564 https://t.me/pixelswap_io/40
2024-07-24,Catizen,,Funding Round,,,,,DropsTab,https://dropstab.com/coins/catizen/fundraising
2024-07-16,Catizen,,Strategic Round,,,Binance Labs; The Open Platform,,DropsTab; DefiLlama; fund or launchpad site; project's own channel,https://dropstab.com/coins/catizen/fundraising https://defillama.com/raises https://coingape.com/binance-labs-invests-in-this-telegram-based-gaming-bot/ https://t.me/catizenann/509
2024-07-15,Akedo,,Strategic,,,The Open Platform (TOP),,DefiLlama,https://defillama.com/raises
2024-07-02,RedStone,redstone-o,Series A,15000000,,Arrington Capital,SevenX Ventures; IOSG Ventures; Spartan; Alchemy Capital; White Star Capital; Protagonist; Samara Asset Group; gumi Cryptos Capital; HTX Ventures; Amber Group; Thanefield Capital; Kenetic; Berachain,DefiLlama,https://defillama.com/raises
2024-05-24,Boomup,boom-up,Angel,,,,TMM Club,project's own channel,https://t.me/boomup_game/78
2024-05-19,Tonarchy,tonarchy,Investment,,,,,project's own channel,https://t.me/tonarchy/373
2024-05-15,STON.fi,ston-fi,Investment,,,CoinFund,Delphi Ventures; Karatage; TON Ventures; Sergej Kunz; Anton Bukov; Philipp Zentner,project's own channel,https://t.me/stonfidex/540
2024-05-02,TON,,Funding Round,,,Pantera Capital,,DropsTab; DefiLlama; fund or launchpad site,https://dropstab.com/coins/ton/fundraising https://defillama.com/raises https://www.cointelegraph.com/news/pantera-capital-invests-open-network-ton-crypto-investment
2024-04-17,Open,open,Public sale,1000000,,,,project's own channel,https://t.me/opensites/26
2024-04-09,Storm Trade,storm-trade,Seed Round,,,,,DropsTab,https://dropstab.com/coins/storm-trade/fundraising
2024-03-06,TON,,Funding Round,8000000,,Mirana Ventures,,DropsTab; DefiLlama,https://dropstab.com/coins/ton/fundraising https://defillama.com/raises
2024-03-01,Catizen,,Strategic Round,,,,TON; Web3 Ventures; Mask Network; Y2Z; SecondLive; EMURGO Ventures; Moon Capital; Initiate Capital,DropsTab; project's own channel,https://dropstab.com/coins/catizen/fundraising https://t.me/catizenann/52
2024-01-01,Catizen,,Seed Round,,,,,DropsTab,https://dropstab.com/coins/catizen/fundraising
2024,STON.fi,ston-fi,Investment (undisclosed round),,,CoinFund,,fund or launchpad site,https://coinfund.io/unlocking-economic-activity-on-ton-and-telegram-partnering-with-ston-fi/
2023-12-31,Tonfura,,Seed,,,TONcoin.fund,,DefiLlama,https://defillama.com/raises
2023-12-21,Wormfare Slap,wormfare-slap,Seed,358800,,,,project's own channel,https://t.me/wormfare/68
2023-12-01,TON,,Funding Round,,,,,DropsTab,https://dropstab.com/coins/ton/fundraising
2023-11-28,TON,,Funding Round,,,Animoca Brands,,DropsTab; fund or launchpad site,https://dropstab.com/coins/ton/fundraising https://cointelegraph.com/news/animoca-becomes-validator-telegram-ton-blockchain
2023-10-31,Fanton,,Seed,,,TONcoin.fund,,DefiLlama; DropsTab,https://defillama.com/raises https://dropstab.com/coins/fanton/fundraising
2023-10-31,Storm Trade,storm-trade,Seed,,,TONcoin.fund,,DefiLlama,https://defillama.com/raises
2023-10-17,SuperEarn,superearn,Investment,,,,The Open Network Ventures,project's own channel,https://t.me/superearn/901
2023-10-06,TON,,Ecosystem Round,10000000,,MEXC Ventures,,DefiLlama,https://defillama.com/raises
2023-10-04,TON,,Funding Round,,,MEXC,,DropsTab; DefiLlama,https://dropstab.com/coins/ton/fundraising https://defillama.com/raises
2023-08-31,Tonski,tonski,Seed,,,TONcoin.fund,,DefiLlama,https://defillama.com/raises
2023-08-01,@Wager,,Seed,,,TONcoin.fund,,DefiLlama,https://defillama.com/raises
2023-08-01,Tap Fantasy,tap-fantasy,Seed,,,TONcoin.fund,,DefiLlama,https://defillama.com/raises
2023-08-01,TonUP,tonup,Seed,,,TONcoin.fund,,DefiLlama,https://defillama.com/raises
2023-07-25,Delabs Games,delabs-games,Seed,4700000,,Hashed,Planetarium; Merit Circle; The Spartan Group; Polygon,DefiLlama,https://defillama.com/raises
2023-07-21,Storm Trade,storm-trade,Pre-Seed,,,,,DropsTab,https://dropstab.com/coins/storm-trade/fundraising
2023-07-19,Ton Raffles Bot,ton-raffles-bot,Investment,,,,,project's own channel,https://t.me/tonraffles_ru/239
2023-07-01,EVAA Protocol,evaa-protocol,Seed,,,TONcoin.fund,TonCoin.Fund,DefiLlama; project's own channel,https://defillama.com/raises https://t.me/evaaprotocol/52
2023-06-20,Cat Paradise,,Seed,,,,Y2Z Ventures; COMBO; Secondlife; Mask Network; EMURGO Ventures; Initiate Capital; Moon Capital,DefiLlama,https://defillama.com/raises
2023-05-23,RedStone,redstone-o,Angel Round,,,,Stani Kulechov; Sandeep Nailwal; Alex Gluchovski; Emin Gün Sirer; Coinflip Canada; Jacob Blish; Richard Ma; Be1garat; Patrick Dai; Justin David Reyes,DefiLlama,https://defillama.com/raises
2023-04-16,TON,,Investment Round,,,,,DropsTab,https://dropstab.com/coins/ton/fundraising
2023-03-20,Megaton Finance,megaton,Seed,1500000,,TONcoin.fund,,DefiLlama,https://defillama.com/raises
2023-03-09,Tonstarter,tonstarter,Seed,1500000,,Kingsway Capital; Gate.io; DWF Labs,Hexit; Orbs; Axiom; Hexit Capital; Baboon VC,DefiLlama; fund or launchpad site,https://defillama.com/raises https://tonstarter.com/ https://www.digitaljournal.com/pr/news/tonstarter-closes-1-5-million-seed-round-as-primary-fundraising-platform-for-the-open-network-ton-
2023-01-17,Sleepagotchi,sleepagotchi,Seed,3500000,,,6th Man Ventures; Collab+Currency; Shima Capital; 1kx; DeFi Alliance; Sfermion,DefiLlama,https://defillama.com/raises
2022-12-29,TON,,Ecosystem Round,10000000,,Cypher Capital,,DefiLlama,https://defillama.com/raises
2022-12-20,Tonsnipe,,Private Equity,100000,,,,DefiLlama,https://defillama.com/raises
2022-11-30,TON,,Rescue Fund,126000000,,,DWF Labs; Darley Technologies; Hexa Capital; TONcoin Fund Ecosystem Partners,DefiLlama,https://defillama.com/raises
2022-11-25,XDao,xdao,Seed,2300000,,,DWF Labs; Telos Foundation; Grizzly Capital,DefiLlama; project's own channel,https://defillama.com/raises https://t.me/xdaoapp/624
2022-11-18,Fanzee,fanzee,Public sale,100000,,,,project's own channel,https://t.me/battlesjam/162
2022-11-17,TON,,Funding Round,10000000,,DWF Labs,,DropsTab; DefiLlama; fund or launchpad site,https://dropstab.com/coins/ton/fundraising https://defillama.com/raises https://financefeeds.com/telegrams-ton-ecosystem-gains-10-million-support-from-market-maker-dwf-labs/
2022-07-26,Fanzee,fanzee,Pre-seed,2000000,,TONcoin.fund; FS Labs; TONcoin.Fund,MEXC Global; vlg.digital; Orbs; 3Commas Capital; Hexit Capital; VLG Digital; Gate.io; Hectagon,project's own channel; fund or launchpad site,https://t.me/fanzeebattles/32 https://t.me/battlesjam/35 https://tonstarter.com/project/fanzee
2022-07-07,TON,,Ecosystem Round,90000000,,,VistaLabs; Alphanonce; Miner’s Fund; Kilo Fund,DefiLlama,https://defillama.com/raises
2022-04-11,TON,,Ecosystem Round,250000000,,,Huobi Ventures; MEXC Pioneer; 3Commas; Orbs; TON  Miners; Kilo Fund,DefiLlama,https://defillama.com/raises
2022-02-01,GAMEE,gamee,Equity Funding,1500000,,,,DropsTab,https://dropstab.com/coins/gamee/fundraising
2021-04-02,GAMEE,gamee,IDO on REVV,194400,123638400,,,DropsTab,https://dropstab.com/coins/gamee/fundraising
2021-03-01,GAMEE,gamee,Private Sale,2200000,76320000,,,DropsTab,https://dropstab.com/coins/gamee/fundraising
2019-07-12,TON,,Seed/Private Round,600000000,,,,DropsTab,https://dropstab.com/coins/ton/fundraising
2018-10-01,GAMEE,gamee,Funding Round,1850000,,,,DropsTab,https://dropstab.com/coins/gamee/fundraising
2017-03-01,GAMEE,gamee,Strategic Sale,2140000,38160000,,,DropsTab,https://dropstab.com/coins/gamee/fundraising
,EVAA Protocol,evaa-protocol,Angel round,130000,,,Tonstarter community,fund or launchpad site,https://tonstarter.com/private/evaa
,TON Accelerator,ton-accelerator,Accelerator backing,2500000,,TON Ventures,,fund or launchpad site,https://t.me/ton_ventures/16
