name,seen_on,candidate_telegram
addickted,2024-06-ton-degen,
Adsgram,2025-08-tradoor,https://t.me/adsgram_ai
AgentKit,2026-05-messari,https://t.me/agentkit_bot
AIDA,2025-07-ton,
Aleem,2025-07-ton-cis-hub-q2 2025-ton-cis-hub,https://t.me/aleembot
Alpha One,2025-ton-cis-hub,
Ambra,2023-10-tonpost,
Annihilation,2023-10-tonpost,
AppKit,2026-05-messari,https://t.me/appkitbot
ASTREX,2025-07-ton-cis-hub-q2 2025-ton-cis-hub,https://t.me/astrex_bot
ASTRO,2025-07-ton-cis-hub-q2 2025-ton-cis-hub,
Axiom Labs,2025-07-ton,https://t.me/axiomlabsofficial
Aytu DEX,2024-06-ton-degen,
Azuki,2025-07-ton,https://t.me/azuki
Baby Shark,2025-07-ton,https://t.me/babysharknews
Bitfinex,2025-07-ton,https://t.me/bitfinex_official
Biz Tycoon,2025-07-ton-cis-hub-q2 2025-ton-cis-hub,https://t.me/biztycoon_bot
Blanche Match3,2025-07-ton-cis-hub-q2 2025-ton-cis-hub,https://t.me/blanchematch3
Block Card Query,2025-07-ton-cis-hub-q2 2025-ton-cis-hub,
BOLT,2024-06-ton-degen,https://t.me/bolt_app
Boltfather,2025-ton-cis-hub,https://t.me/boltfather
Booba,2024-06-ton-degen,
Bored Ape YC,2025-07-ton,https://t.me/boredapeycbot
BTC Football,2024-05-coin98-games,https://t.me/btcfootball
Bubblemaps,2025-07-ton,https://t.me/bubblemapsnews
CATI,2025-07-ton,https://t.me/cati_game
Ceres Finance,2025-07-ton-cis-hub-q2 2025-ton-cis-hub,
Chainlink,2026-05-messari,https://t.me/chainlinknews
Chainlink CCIP,2026-05-messari,
CheckRewards,2025-07-ton-cis-hub-q2 2025-ton-cis-hub,https://t.me/checkrewardsgame
CityPay.io,2025-07-ton,https://t.me/citypayiobot
Cofe,2024-06-ton-degen,
CoffeeSwap,2026-05-messari,
CoolWallet,2025-07-ton,
Crypto Influencer,2025-07-ton-cis-hub-q2 2025-ton-cis-hub,https://t.me/cryptoinfluencer_official
Crystal Cami,2025-ton-cis-hub,
DefiHub,2024-06-ton-degen,https://t.me/defihubofficial
Degen Trading Bot,2024-06-ton-degen,
Doodles,2025-07-ton,https://t.me/doodles_game
DUROV TOKEN,2024-06-ton-degen,https://t.me/durovtoken_bot
Durov's Cap,2025-07-ton,
DUST,2025-07-ton,
Dwes,2025-ton-cis-hub,
DYOR ninja,2024-06-ton-degen,
Egg Fight Demo,2024-02-coin98-games 2024-05-coin98-games,https://t.me/egg_fight_demo_bot
EGGONOMIC,2025-07-ton-cis-hub-q2 2025-ton-cis-hub,https://t.me/eggonomic
Elliptic,2025-07-ton,https://t.me/elliptic_bot
EpicWeb3,2025-08-tradoor,https://t.me/epicweb3
Equipage,2025-ton-cis-hub,https://t.me/equipage
Exominer,2026-05-messari,https://t.me/exominerofficial
FDUSD,2026-05-messari,https://t.me/fdusdbot
Flipper,2025-ton-cis-hub,https://t.me/flippernews
Fonbnk,2026-05-messari,
Gagarin,2023-10-tonpost,https://t.me/gagarin
GAGARIN Launchpad,2024-06-ton-degen,https://t.me/gagarinlaunchpadbot
Galaxy Online,2025-07-ton-cis-hub-q2 2025-ton-cis-hub,
GeoBattle,2025-07-ton-cis-hub-q2 2025-ton-cis-hub,https://t.me/GeoBattleBot
Gift Asset,2025-ton-cis-hub,
Giftify,2025-07-ton-cis-hub-q2 2025-ton-cis-hub,https://t.me/giftify_bot
Glint Coin,2023-10-tonpost,https://t.me/glintcoin_bot
Glitch TON,2024-06-ton-degen,https://t.me/glitchtonbot
Go To Planets,2024-05-coin98-games,https://t.me/gotoplanetsbot
Google Cloud,2025-08-tradoor,https://t.me/googlecloudofficial
GR DAO,2025-08-tradoor,
GRAMZONE,2025-07-ton-cis-hub-q2 2025-ton-cis-hub,https://t.me/gram_zonebot
Hackney Games,2025-07-ton,
HMSTR,2025-07-ton,
Hype Fisher,2025-07-ton-cis-hub-q2 2025-ton-cis-hub,https://t.me/hype_fisher_bot
I Know This Place..?,2025-07-ton-cis-hub-q2 2025-ton-cis-hub,https://t.me/iknowthisplace
InFlake,2025-07-ton-cis-hub-q2 2025-ton-cis-hub,https://t.me/inflakebot
IntoTheBlock,2023-10-tonpost,
Juster,2025-07-ton-cis-hub-q2 2025-ton-cis-hub,https://t.me/juster
kakaxa,2024-06-ton-degen,https://t.me/kakaxagame
KeyStone,2025-07-ton,https://t.me/keystone_official
KirkaFi,2025-07-ton-cis-hub-q2 2025-ton-cis-hub,
Kraken,2025-07-ton,https://t.me/krakennews
LAB,2025-07-ton 2025-07-ton-cis-hub-q2 2025-ton-cis-hub,
Lambo,2025-07-ton-cis-hub-q2 2025-ton-cis-hub,
LevelQ,2025-07-ton,
Libre,2025-07-ton,https://t.me/librebot
LifeBlooD,2024-02-coin98-games 2024-05-coin98-games,
LMSP,2025-ton-cis-hub,
Loot Bag,2025-07-ton,https://t.me/lootbagnews
Magic Square,2025-07-ton,
Mantle,2023-10-tonpost,https://t.me/mantlenews
Margaritis,2023-10-tonpost,
MEGA,2023-10-tonpost,
Melody Token,2025-ton-cis-hub,
Memepad,2026-05-messari,https://t.me/memepad_app
Memes Corp.,2025-07-ton-cis-hub-q2 2025-ton-cis-hub,https://t.me/memescorpbot
MetaPhone,2024-06-ton-degen,https://t.me/metaphone_bot
MINTODINOS Saper,2024-02-coin98-games 2024-05-coin98-games,
Miss Telegram,2025-07-ton-cis-hub-q2 2025-ton-cis-hub,https://t.me/misstelegram_official
MOONDOGS,2024-06-ton-degen,
Moons,2024-06-ton-degen,
MortalCoin,2025-07-ton-cis-hub-q2 2025-ton-cis-hub,https://t.me/mortalcoin
multisig.ton.org,2025-07-ton,
NASCAR,2025-07-ton,https://t.me/nascarofficial
Nexo,2025-07-ton,
NoobyGame,2024-06-ton-degen,
NOT Wise,2024-06-ton-degen,https://t.me/notwise
NOTA,2025-ton-cis-hub,
OCTOPUS BOYZ,2023-10-tonpost,https://t.me/octopusboyz
OKX DEX,2025-07-ton,https://t.me/okxdex_bot
OlaXBT,2025-08-tradoor,https://t.me/olaxbt_bot
OnTON,2025-07-ton,https://t.me/theontonbot
Open Builders,2025-07-ton,https://t.me/openbuilders
Open Rating,2023-10-tonpost,
OpenClaw,2026-05-messari,https://t.me/openclaw
Optus,2024-06-dwf-ventures,
OPTUS,2023-10-tonpost,
Orbit,2023-10-tonpost 2026-05-messari,https://t.me/orbitbot
Orochi,2025-08-tradoor,https://t.me/orochi_bot
OSL/Banxa,2026-05-messari,
OTC ELF,2025-07-ton,https://t.me/otcelfofficial
Otters,2025-07-ton-cis-hub-q2 2025-ton-cis-hub,https://t.me/otters_bot
Oyster Labs,2024-06-ton-degen,https://t.me/oysterlabs
PapaJump,2025-07-ton-cis-hub-q2 2025-ton-cis-hub,https://t.me/papajump_bot
Pengu Clash,2025-07-ton,https://t.me/penguclash
PepeWick,2024-06-ton-degen,https://t.me/pepewick_bot
Pluto Studios,2025-07-ton,
Poketon Stickers War,2025-07-ton-cis-hub-q2 2025-ton-cis-hub,
Poloniex,2025-07-ton,https://t.me/poloniexbot
Pop Launch,2024-06-ton-degen,https://t.me/poplaunchbot
PUCCA,2025-07-ton,
Pudgy Penguins,2025-07-ton,https://t.me/pudgypenguins
PUNK,2023-10-tonpost,
Qlint Game,2025-07-ton-cis-hub-q2 2025-ton-cis-hub,
Rage Battles MMORPG,2024-05-coin98-games,
REP,2025-08-tradoor,
Resistance Cat,2024-06-ton-degen,
Retro Bridge,2025-07-ton,
Rhino.fi,2025-08-tradoor,https://t.me/rhinofi_bot
Rocket,2023-10-tonpost,https://t.me/rocketnews
RSquad,2025-07-ton,https://t.me/rsquad
Rune,2025-ton-cis-hub,https://t.me/rune_bot
Sentora,2025-07-ton,https://t.me/sentoraofficial
Shift4,2026-05-messari,https://t.me/shift4_bot
Signer,2025-07-ton,https://t.me/signer_official
Sleep Well,2025-07-ton-cis-hub-q2 2025-ton-cis-hub,https://t.me/sleepwellofficial
Slimak Adventures,2025-07-ton-cis-hub-q2 2025-ton-cis-hub,
SoarFun,2025-08-tradoor,https://t.me/SoarFunTradingBot
Social Mobile Games,2024-02-coin98-games,
Sorted Wallet,2025-07-ton,
Spectrum S,2025-07-ton-cis-hub-q2 2025-ton-cis-hub,
SplitPay,2025-07-ton-cis-hub-q2 2025-ton-cis-hub,https://t.me/splitpayofficial
Squads,2025-ton-cis-hub,https://t.me/squadsbot
Star Industry,2025-07-ton-cis-hub-q2 2025-ton-cis-hub,https://t.me/starindustry_bot
Stars,2026-05-messari,
Stepmania,2025-07-ton,https://t.me/stepmania_game
Sticker Pack,2025-07-ton,https://t.me/sticker_bot
Stork,2026-05-messari,
Sumsub,2025-07-ton,https://t.me/sumsub
sUSDD,2026-05-messari,
Sweet,2025-07-ton,
SWITCH,2025-07-ton,https://t.me/switch_game
SYNTHWAVE,2025-07-ton-cis-hub-q2 2025-ton-cis-hub,https://t.me/synthwave_bot
Tap Fantasy Metaverse,2024-02-coin98-games 2024-05-coin98-games,
TApps,2025-08-tradoor,
TAV Incubation,2023-10-tonpost,
TELE,2024-06-ton-degen,
TeleCroc,2025-07-ton-cis-hub-q2 2025-ton-cis-hub,https://t.me/telecroc
Telegram Web3 Grants,2023-10-tonpost,
Telo Miner,2025-07-ton-cis-hub-q2 2025-ton-cis-hub,https://t.me/telominer
Tergo Finance,2024-06-ton-degen,
Tez Tank,2025-07-ton-cis-hub-q2 2025-ton-cis-hub,https://t.me/TezTankBot
TG Ads,2026-05-messari,https://t.me/tgadsapp
TG Analytics,2025-07-ton,
TG Gateway,2026-05-messari,https://t.me/tggateway
TG Numbers,2026-05-messari,
TG Premium,2026-05-messari,
TG Usernames,2026-05-messari,
Thunder Finance,2024-06-ton-degen,https://t.me/thunderfinance_bot
Tobi Wallet,2024-06-ton-degen,
Ton $ Jerry,2024-05-coin98-games,https://t.me/tonjerry_bot
TON Admin,2023-10-tonpost,https://t.me/tonadminbot
Ton Bit,2025-08-tradoor,https://t.me/tonbitcoinofficial
TON Browser,2025-07-ton,https://t.me/tonbrowserapp
TON FISH BOX,2024-06-ton-degen,https://t.me/tonfishbox
TON Footsteps,2023-10-tonpost,
TON help,2023-10-tonpost,https://t.me/tonhelpbot
TON LAMA,2024-06-ton-degen,https://t.me/tonlama_bot
TON Minter,2023-10-tonpost 2025-07-ton,https://t.me/tonminter_bot
Ton Rabbit,2024-06-ton-degen,https://t.me/tonrabbit_app
TON Run,2025-07-ton,https://t.me/runner_ton
TON Sites,2026-05-messari,https://t.me/tonsitesbot
TON Studio,2025-07-ton,https://t.me/tonstudio_app
TON VPN,2023-10-tonpost,https://t.me/tonvpn
TON Wiki,2025-07-ton-cis-hub-q2 2025-ton-cis-hub,https://t.me/tonwiki_bot
TonBitcoin,2024-06-ton-degen,https://t.me/tonbitcoinofficial
Toncli,2023-10-tonpost,
Tonk Inu,2024-06-ton-degen,
TONSquare,2024-06-ton-degen,https://t.me/tonsquare
TonTech,2023-10-tonpost 2025-07-ton,https://t.me/tontech
TonTech.io,2025-07-ton,
TONWIFHAT,2024-06-ton-degen,
TONxDAO,2025-07-ton,https://t.me/tonxdaoapp
TONТейк,2024-02-coin98-games,
TOOLBOX,2025-07-ton-cis-hub-q2 2025-ton-cis-hub,https://t.me/toolboxnews
tools.tg,2025-07-ton,
TOP Labs,2023-10-tonpost,https://t.me/toplabs_bot
TotalCup,2024-02-coin98-games 2024-05-coin98-games,https://t.me/TotalCup
United Finance,2024-06-ton-degen 2025-07-ton-cis-hub-q2 2025-ton-cis-hub,
USDe,2026-05-messari,https://t.me/usde_bot
USDT,2025-07-ton 2026-05-messari,
USDT0,2025-07-ton,
UtyaCoin,2024-06-ton-degen,
VWS Games,2024-05-coin98-games,
WAGMI,2025-07-ton,
WEB3,2025-07-ton-cis-hub-q2,
Web3TON,2023-10-tonpost,
WONTAPP,2025-07-ton-cis-hub-q2 2025-ton-cis-hub,
Workton,2025-ton-cis-hub,
xcrwd,2025-07-ton-cis-hub-q2 2025-ton-cis-hub,https://t.me/xcrwdbot
XP,2023-10-tonpost,
XP LABS,2025-07-ton-cis-hub-q2 2025-ton-cis-hub,
Yuzu City,2025-07-ton-cis-hub-q2 2025-ton-cis-hub,
Zellic,2025-07-ton 2025-08-tradoor,https://t.me/zellic_bot
Zengo,2026-05-messari,
Глаз TON'а,2025-07-ton-cis-hub-q2 2025-ton-cis-hub,
