telegram_id,name,now,other,kind,seen_in
1074451780,$SMM Community TON №1,https://t.me/smoserviceru,https://t.me/prosmotrirm_prosmotry,also known as,"corpus channel cards, September 2026"
1074451780,$SMM Community TON №1,https://t.me/smoserviceru,https://t.me/smmseller,also known as,"corpus channel cards, September 2026"
1074451780,$SMM Community TON №1,https://t.me/smoserviceru,https://t.me/smmstartvk,also known as,"corpus channel cards, September 2026"
1074451780,$SMM Community TON №1,https://t.me/smoserviceru,https://t.me/smochatsmm,also known as,"corpus channel cards, September 2026"
1561214965,0xProcessing,https://t.me/oxprocessing,https://t.me/acceptcrypto,also known as,"corpus channel cards, September 2026"
1561214965,0xProcessing,https://t.me/oxprocessing,https://t.me/cryptosalary,also known as,"corpus channel cards, September 2026"
2391079207,@fredror | GRAM Community,https://t.me/fredror_ton,https://t.me/nftcis,also known as,"corpus channel cards, September 2026"
2356010945,@GroypFi_bot,https://t.me/groyp,https://t.me/appcenter,also known as,"corpus channel cards, September 2026"
2356010945,@GroypFi_bot,https://t.me/groyp,https://t.me/durovswap,also known as,"corpus channel cards, September 2026"
2356010945,@GroypFi_bot,https://t.me/groyp,https://t.me/gapps,also known as,"corpus channel cards, September 2026"
2356010945,@GroypFi_bot,https://t.me/groyp,https://t.me/gramexchange,also known as,"corpus channel cards, September 2026"
2356010945,@GroypFi_bot,https://t.me/groyp,https://t.me/gramperps,also known as,"corpus channel cards, September 2026"
2356010945,@GroypFi_bot,https://t.me/groyp,https://t.me/gtrade,also known as,"corpus channel cards, September 2026"
2356010945,@GroypFi_bot,https://t.me/groyp,https://t.me/relayerton,also known as,"corpus channel cards, September 2026"
3347217736,@Hoton,https://t.me/hotonnews,https://t.me/buygram,also known as,"corpus channel cards, September 2026"
3347217736,@Hoton,https://t.me/hotonnews,https://t.me/giftbank,also known as,"corpus channel cards, September 2026"
3347217736,@Hoton,https://t.me/hotonnews,https://t.me/hoton_tg,also known as,"corpus channel cards, September 2026"
3347217736,@Hoton,https://t.me/hotonnews,https://t.me/hotonapp,also known as,"corpus channel cards, September 2026"
1559501630,@Send,https://t.me/send,https://t.me/cryptobot,also known as,userbot peer cache
6675346585,@Tribute,https://t.me/tribute,https://t.me/subscribeappbot,also known as,userbot peer cache
1712801056,@XRocket,https://t.me/xrocketnews,https://t.me/ton_rocket_news_en,also known as,"corpus channel cards, September 2026"
3780984419,Adele Toberg,https://t.me/adele_toberg,https://t.me/trolberg,also known as,"corpus channel cards, September 2026"
2323712352,Affluent,https://t.me/affluent,https://t.me/factorialfinance,also known as,"corpus channel cards, September 2026"
1556580396,"AiAi, какой TON",https://t.me/aiaiton,https://t.me/extonly,also known as,"corpus channel cards, September 2026"
1556580396,"AiAi, какой TON",https://t.me/aiaiton,https://t.me/giftstarwars,also known as,"corpus channel cards, September 2026"
1556580396,"AiAi, какой TON",https://t.me/aiaiton,https://t.me/smmly,also known as,"corpus channel cards, September 2026"
8310045254,Alice AI,https://t.me/alisa,https://t.me/alice_ya_bot,also known as,userbot peer cache
2596609987,Area,https://t.me/gamearea,https://t.me/playarea,also known as,"corpus channel cards, September 2026"
3281237690,AURA x CAPITAL,https://t.me/aura_x_capital,https://t.me/auraxcapital,also known as,"corpus channel cards, September 2026"
1157465613,AxisCat,https://t.me/axiscat,https://t.me/evamurket,also known as,"corpus channel cards, September 2026"
2079211966,Badger Wasteland Channel,https://t.me/badger_wasteland,https://t.me/gramwasteland,also known as,"corpus channel cards, September 2026"
2079211966,Badger Wasteland Channel,https://t.me/badger_wasteland,https://t.me/tonwasteland,also known as,"corpus channel cards, September 2026"
2217888292,BAFY (Best Airdrops For You),https://t.me/gleam_aquaprotocol_bot,https://t.me/bafy12,also known as,"corpus channel cards, September 2026"
2257800525,BALENCIAGA,https://t.me/groza,https://t.me/befree,also known as,"corpus channel cards, September 2026"
2257800525,BALENCIAGA,https://t.me/groza,https://t.me/biqian,also known as,"corpus channel cards, September 2026"
2257800525,BALENCIAGA,https://t.me/groza,https://t.me/dazuo,also known as,"corpus channel cards, September 2026"
2257800525,BALENCIAGA,https://t.me/groza,https://t.me/trafik,also known as,"corpus channel cards, September 2026"
3665984492,Banana News,https://t.me/banan_day,https://t.me/bananday,also known as,"corpus channel cards, September 2026"
2047758533,barboskich.ton,https://t.me/barboskich_ton,https://t.me/ton_community_news,also known as,"corpus channel cards, September 2026"
2216962714,BAYC Miner,https://t.me/bayc_miner,https://t.me/bayc_7537,also known as,"corpus channel cards, September 2026"
2216962714,BAYC Miner,https://t.me/bayc_miner,https://t.me/baycminer_bot,also known as,"corpus channel cards, September 2026"
2216962714,BAYC Miner,https://t.me/bayc_miner,https://t.me/baycminer_channel,also known as,"corpus channel cards, September 2026"
2216962714,BAYC Miner,https://t.me/bayc_miner,https://t.me/baycminerchannel,also known as,"corpus channel cards, September 2026"
2216962714,BAYC Miner,https://t.me/bayc_miner,https://t.me/baycton,also known as,"corpus channel cards, September 2026"
2216962714,BAYC Miner,https://t.me/bayc_miner,https://t.me/btokminer,also known as,"corpus channel cards, September 2026"
2216962714,BAYC Miner,https://t.me/bayc_miner,https://t.me/catizen_catbot,also known as,"corpus channel cards, September 2026"
1730860670,BFinance,https://t.me/bfinancepay,https://t.me/bfinance,also known as,"corpus channel cards, September 2026"
2115970711,Bidask,https://t.me/bidask,https://t.me/bidask_protocol,also known as,"corpus channel cards, September 2026"
2027394422,BIRD,https://t.me/birdtongame,https://t.me/birdton,also known as,"corpus channel cards, September 2026"
2384503124,BitFlick Stars,https://t.me/bitstarsinfo,https://t.me/add_stars,also known as,"corpus channel cards, September 2026"
2384503124,BitFlick Stars,https://t.me/bitstarsinfo,https://t.me/star0,also known as,"corpus channel cards, September 2026"
1263981072,BitJam,https://t.me/bitjam,https://t.me/followton,also known as,"corpus channel cards, September 2026"
2471282312,Blops,https://t.me/blops,https://t.me/agario,also known as,"corpus channel cards, September 2026"
2161336617,BOROV_TUT,https://t.me/borov_club,https://t.me/borov_telegram_founder,also known as,"corpus channel cards, September 2026"
2161336617,BOROV_TUT,https://t.me/borov_club,https://t.me/durov_approves,also known as,"corpus channel cards, September 2026"
2161336617,BOROV_TUT,https://t.me/borov_club,https://t.me/longfact,also known as,"corpus channel cards, September 2026"
1998952736,Brainstorm Alphas,https://t.me/brainstormalphas,https://t.me/creamton,also known as,"corpus channel cards, September 2026"
1975971083,by alenka,https://t.me/alenkaontg,https://t.me/softskillerr,also known as,"corpus channel cards, September 2026"
2174125567,BYIN,https://t.me/byin_fun,https://t.me/byinchan,also known as,"corpus channel cards, September 2026"
2679760341,Capybobo (PYBOBO),https://t.me/capybobonews,https://t.me/capybombnews,also known as,"corpus channel cards, September 2026"
1731345488,CARAT | TON MASON,https://t.me/tonmason,https://t.me/carat_jetton,also known as,"corpus channel cards, September 2026"
1731345488,CARAT | TON MASON,https://t.me/tonmason,https://t.me/carat_official,also known as,"corpus channel cards, September 2026"
1731345488,CARAT | TON MASON,https://t.me/tonmason,https://t.me/dexxx,also known as,"corpus channel cards, September 2026"
1731345488,CARAT | TON MASON,https://t.me/tonmason,https://t.me/mason_ton,also known as,"corpus channel cards, September 2026"
2508898164,Case,https://t.me/case_app,https://t.me/opencase,also known as,"corpus channel cards, September 2026"
1280934551,Catizen,https://t.me/catizenann,https://t.me/appgame,also known as,"corpus channel cards, September 2026"
1280934551,Catizen,https://t.me/catizenann,https://t.me/crypto_w,also known as,"corpus channel cards, September 2026"
1280934551,Catizen,https://t.me/catizenann,https://t.me/gamefi_crypto,also known as,"corpus channel cards, September 2026"
1280934551,Catizen,https://t.me/catizenann,https://t.me/genshin_y,also known as,"corpus channel cards, September 2026"
1280934551,Catizen,https://t.me/catizenann,https://t.me/hamster_app,also known as,"corpus channel cards, September 2026"
1280934551,Catizen,https://t.me/catizenann,https://t.me/notcoin_io,also known as,"corpus channel cards, September 2026"
1280934551,Catizen,https://t.me/catizenann,https://t.me/pixel_x,also known as,"corpus channel cards, September 2026"
1280934551,Catizen,https://t.me/catizenann,https://t.me/ton_gamefi,also known as,"corpus channel cards, September 2026"
2374809888,Cattea,https://t.me/catteanews,https://t.me/cattea,also known as,"corpus channel cards, September 2026"
2224251387,CerMiner,https://t.me/cerus_ton,https://t.me/cerminer,also known as,"corpus channel cards, September 2026"
2082405918,Clayton Game,https://t.me/clayton,https://t.me/tonclayton,also known as,"corpus channel cards, September 2026"
2158724185,CoffeeWithBTC,https://t.me/thetonmind,https://t.me/coffeewithbtc,also known as,"corpus channel cards, September 2026"
2158724185,CoffeeWithBTC,https://t.me/thetonmind,https://t.me/coffeewithton,also known as,"corpus channel cards, September 2026"
2158724185,CoffeeWithBTC,https://t.me/thetonmind,https://t.me/teawithbtc,also known as,"corpus channel cards, September 2026"
1769001896,Coingraph,https://t.me/coingraphnews,https://t.me/binance_coinbase_okx_news,also known as,"corpus channel cards, September 2026"
1769001896,Coingraph,https://t.me/coingraphnews,https://t.me/bitcoin_crypto_ethereum_news,also known as,"corpus channel cards, September 2026"
1769001896,Coingraph,https://t.me/coingraphnews,https://t.me/fintech_blockchain_defi_news,also known as,"corpus channel cards, September 2026"
3667448916,Cosmifi,https://t.me/cosmifi,https://t.me/cosmosgiftloans,also known as,"corpus channel cards, September 2026"
2154515395,CP & CS2 Podcast 🎙,https://t.me/burewala,https://t.me/cs3skins,also known as,"corpus channel cards, September 2026"
2154515395,CP & CS2 Podcast 🎙,https://t.me/burewala,https://t.me/zopup,also known as,"corpus channel cards, September 2026"
3687085913,Craft Alerts by Gift Satellite,https://t.me/craftalerts,https://t.me/giftcrafts,also known as,"corpus channel cards, September 2026"
1527645697,Crazy Llama Channel,https://t.me/crazyllamafarmru,https://t.me/crazyllamafarm,also known as,"corpus channel cards, September 2026"
1389304944,"Crypto Daily – биткоин, криптовалюта",https://t.me/cryptodaily,https://t.me/cryptodaily_cp,also known as,"corpus channel cards, September 2026"
2071681053,Crypto Fomo,https://t.me/crypto_gst,https://t.me/aepao,also known as,"corpus channel cards, September 2026"
2071681053,Crypto Fomo,https://t.me/crypto_gst,https://t.me/argunov,also known as,"corpus channel cards, September 2026"
2071681053,Crypto Fomo,https://t.me/crypto_gst,https://t.me/fnazy,also known as,"corpus channel cards, September 2026"
2071681053,Crypto Fomo,https://t.me/crypto_gst,https://t.me/interfaks,also known as,"corpus channel cards, September 2026"
2071681053,Crypto Fomo,https://t.me/crypto_gst,https://t.me/kollektor,also known as,"corpus channel cards, September 2026"
2071681053,Crypto Fomo,https://t.me/crypto_gst,https://t.me/kredo,also known as,"corpus channel cards, September 2026"
2071681053,Crypto Fomo,https://t.me/crypto_gst,https://t.me/nazarkin,also known as,"corpus channel cards, September 2026"
2071681053,Crypto Fomo,https://t.me/crypto_gst,https://t.me/pashatexnik,also known as,"corpus channel cards, September 2026"
2071681053,Crypto Fomo,https://t.me/crypto_gst,https://t.me/vofuo,also known as,"corpus channel cards, September 2026"
2190942185,Crypto HITLIST,https://t.me/cryptohitlist,https://t.me/crypto_hitlist,also known as,"corpus channel cards, September 2026"
1932896141,Crypto Чайка,https://t.me/crypto_chaika,https://t.me/chaykavtg,also known as,"corpus channel cards, September 2026"
1758236506,crypto_krm,https://t.me/krm_crypto,https://t.me/crypto_krm,also known as,"corpus channel cards, September 2026"
2005771264,crypto_okop,https://t.me/crypto_okop,https://t.me/bombas,also known as,"corpus channel cards, September 2026"
2005771264,crypto_okop,https://t.me/crypto_okop,https://t.me/fragme,also known as,"corpus channel cards, September 2026"
1045400020,Cryptocurrency Price Alert,https://t.me/pricealertai,https://t.me/cryptoprice_alert_tracker,also known as,"corpus channel cards, September 2026"
1045400020,Cryptocurrency Price Alert,https://t.me/pricealertai,https://t.me/liquidations_bybit_okx_binance,also known as,"corpus channel cards, September 2026"
2096842173,CryptoDays 2.0,https://t.me/cryptod_a,https://t.me/crocotyping,also known as,"corpus channel cards, September 2026"
2096842173,CryptoDays 2.0,https://t.me/cryptod_a,https://t.me/cryptodays,also known as,"corpus channel cards, September 2026"
2096842173,CryptoDays 2.0,https://t.me/cryptod_a,https://t.me/cryptogoy,also known as,"corpus channel cards, September 2026"
2138099508,CryptoMatchMaker,https://t.me/cryptomatchmaker,https://t.me/ecmairdrops,also known as,"corpus channel cards, September 2026"
1708035537,Cryptomus,https://t.me/cryptomus,https://t.me/cryptomus_com,also known as,"corpus channel cards, September 2026"
1744696872,CrystalTrade,https://t.me/crystaltradeorg,https://t.me/keyne,also known as,"corpus channel cards, September 2026"
1744696872,CrystalTrade,https://t.me/crystaltradeorg,https://t.me/taycan,also known as,"corpus channel cards, September 2026"
2053974837,cult of not,https://t.me/cultofnot,https://t.me/not_base,also known as,"corpus channel cards, September 2026"
2030848961,Da Exfin Block via ops BTC — крипто канал.,https://t.me/cryptofromeuropa,https://t.me/livechart_24,also known as,"corpus channel cards, September 2026"
2002936485,DamX,https://t.me/damxdiary,https://t.me/damxchannel,also known as,"corpus channel cards, September 2026"
2002936485,DamX,https://t.me/damxdiary,https://t.me/iamdamx,also known as,"corpus channel cards, September 2026"
1556132596,DeDust (DUST),https://t.me/dedust_en,https://t.me/dedust,also known as,"corpus channel cards, September 2026"
2071280737,Degrees,https://t.me/degrees,https://t.me/prodegrees,also known as,"corpus channel cards, September 2026"
1866396013,DeLab Team,https://t.me/delabteam,https://t.me/delab,also known as,"corpus channel cards, September 2026"
1962184621,DeLabs,https://t.me/delabsru,https://t.me/doublelab,also known as,"corpus channel cards, September 2026"
1282069438,Dex,https://t.me/defi_nft21,https://t.me/crypto6o,also known as,"corpus channel cards, September 2026"
1282069438,Dex,https://t.me/defi_nft21,https://t.me/fudbinance,also known as,"corpus channel cards, September 2026"
1282069438,Dex,https://t.me/defi_nft21,https://t.me/lbusd,also known as,"corpus channel cards, September 2026"
1652457531,DEX Community • TON DeFi,https://t.me/communitytgr,https://t.me/tegro_finance,also known as,"corpus channel cards, September 2026"
1652457531,DEX Community • TON DeFi,https://t.me/communitytgr,https://t.me/tegroforum,also known as,"corpus channel cards, September 2026"
1652457531,DEX Community • TON DeFi,https://t.me/communitytgr,https://t.me/tegronft,also known as,"corpus channel cards, September 2026"
1652457531,DEX Community • TON DeFi,https://t.me/communitytgr,https://t.me/wallettegro,also known as,"corpus channel cards, September 2026"
2029148505,Diamond Bazar,https://t.me/tgbtc,https://t.me/bazaarclubs,also known as,"corpus channel cards, September 2026"
2029148505,Diamond Bazar,https://t.me/tgbtc,https://t.me/blckbazar,also known as,"corpus channel cards, September 2026"
2029148505,Diamond Bazar,https://t.me/tgbtc,https://t.me/cbbtc,also known as,"corpus channel cards, September 2026"
2029148505,Diamond Bazar,https://t.me/tgbtc,https://t.me/cincpac,also known as,"corpus channel cards, September 2026"
2029148505,Diamond Bazar,https://t.me/tgbtc,https://t.me/dancestudio,also known as,"corpus channel cards, September 2026"
2029148505,Diamond Bazar,https://t.me/tgbtc,https://t.me/dubaiconnect,also known as,"corpus channel cards, September 2026"
2029148505,Diamond Bazar,https://t.me/tgbtc,https://t.me/func2,also known as,"corpus channel cards, September 2026"
2029148505,Diamond Bazar,https://t.me/tgbtc,https://t.me/gramwhales,also known as,"corpus channel cards, September 2026"
2029148505,Diamond Bazar,https://t.me/tgbtc,https://t.me/jpegbazar,also known as,"corpus channel cards, September 2026"
2029148505,Diamond Bazar,https://t.me/tgbtc,https://t.me/nftrehab,also known as,"corpus channel cards, September 2026"
2241651720,Digitality,https://t.me/digitality_one,https://t.me/digitality,also known as,"corpus channel cards, September 2026"
2241651720,Digitality,https://t.me/digitality_one,https://t.me/digitality_crypto,also known as,"corpus channel cards, September 2026"
1866701451,Dodo,https://t.me/dodo,https://t.me/notpizza,also known as,"corpus channel cards, September 2026"
2078024957,DOGG TON,https://t.me/dogecoin_onton,https://t.me/dogg_ton,also known as,"corpus channel cards, September 2026"
2078024957,DOGG TON,https://t.me/dogecoin_onton,https://t.me/doggton,also known as,"corpus channel cards, September 2026"
2173900823,Dogs,https://t.me/dogs,https://t.me/dogs_community,also known as,"corpus channel cards, September 2026"
2204692783,DuckChain,https://t.me/duckchainann,https://t.me/duckchain,also known as,"corpus channel cards, September 2026"
2204692783,DuckChain,https://t.me/duckchainann,https://t.me/tonlayer2,also known as,"corpus channel cards, September 2026"
1910937913,DuckCoin,https://t.me/duckcoin,https://t.me/duck_coin,also known as,"corpus channel cards, September 2026"
1910937913,DuckCoin,https://t.me/duckcoin,https://t.me/notduckcoin,also known as,"corpus channel cards, September 2026"
2281490222,EVAA,https://t.me/evaatg,https://t.me/evaafi,also known as,"corpus channel cards, September 2026"
3514984304,FanTon,https://t.me/fan_t0n,https://t.me/fanat_toncoin,also known as,"corpus channel cards, September 2026"
2367939895,FPI Bank (FPIBANK),https://t.me/fpibank,https://t.me/bankfpi,also known as,"Gram News crawl, August to September 2026"
2367461236,FractioNFT,https://t.me/fractionft,https://t.me/fraction_ft,also known as,"corpus channel cards, September 2026"
2367461236,FractioNFT,https://t.me/fractionft,https://t.me/tonsax,also known as,"corpus channel cards, September 2026"
1060268728,frances,https://t.me/phoneword,https://t.me/carpet,also known as,"corpus channel cards, September 2026"
1060268728,frances,https://t.me/phoneword,https://t.me/frances,also known as,"corpus channel cards, September 2026"
1060268728,frances,https://t.me/phoneword,https://t.me/german,also known as,"corpus channel cards, September 2026"
1060268728,frances,https://t.me/phoneword,https://t.me/gospel,also known as,"corpus channel cards, September 2026"
1060268728,frances,https://t.me/phoneword,https://t.me/holding,also known as,"corpus channel cards, September 2026"
1060268728,frances,https://t.me/phoneword,https://t.me/michel,also known as,"corpus channel cards, September 2026"
1060268728,frances,https://t.me/phoneword,https://t.me/morgan,also known as,"corpus channel cards, September 2026"
1060268728,frances,https://t.me/phoneword,https://t.me/roadmap,also known as,"corpus channel cards, September 2026"
2201887301,Gambler's BarberShop,https://t.me/gamblebarber,https://t.me/logovosviney,also known as,"corpus channel cards, September 2026"
2201887301,Gambler's BarberShop,https://t.me/gamblebarber,https://t.me/rektsquad,also known as,"corpus channel cards, September 2026"
1403805810,GAMEE,https://t.me/gameechannel,https://t.me/gameetokennews,also known as,"corpus channel cards, September 2026"
3103146765,GDOMAINS,https://t.me/regtg,https://t.me/buytgrent,also known as,"corpus channel cards, September 2026"
1705394919,Gem Wallet,https://t.me/gemwallet,https://t.me/magicwallet,also known as,"corpus channel cards, September 2026"
1690267406,ghwnd,https://t.me/ghwnd,https://t.me/sybil,also known as,"corpus channel cards, September 2026"
2485605769,Gift Changes,https://t.me/giftchanges,https://t.me/blingbinky,also known as,"corpus channel cards, September 2026"
2485605769,Gift Changes,https://t.me/giftchanges,https://t.me/cupidcharm,also known as,"corpus channel cards, September 2026"
2485605769,Gift Changes,https://t.me/giftchanges,https://t.me/gemsignet,also known as,"corpus channel cards, September 2026"
2485605769,Gift Changes,https://t.me/giftchanges,https://t.me/hypnolollipop,also known as,"corpus channel cards, September 2026"
2485605769,Gift Changes,https://t.me/giftchanges,https://t.me/joyfulbundle,also known as,"corpus channel cards, September 2026"
2485605769,Gift Changes,https://t.me/giftchanges,https://t.me/poolfloat,also known as,"corpus channel cards, September 2026"
2485605769,Gift Changes,https://t.me/giftchanges,https://t.me/sakuraflower,also known as,"corpus channel cards, September 2026"
2485605769,Gift Changes,https://t.me/giftchanges,https://t.me/springbasket,also known as,"corpus channel cards, September 2026"
2485605769,Gift Changes,https://t.me/giftchanges,https://t.me/surgeboard,also known as,"corpus channel cards, September 2026"
2485605769,Gift Changes,https://t.me/giftchanges,https://t.me/victorymedal,also known as,"corpus channel cards, September 2026"
2640702759,Gift Club,https://t.me/giftclub,https://t.me/collectiblesclub,also known as,"corpus channel cards, September 2026"
2640702759,Gift Club,https://t.me/giftclub,https://t.me/gifthood,also known as,"corpus channel cards, September 2026"
2640702759,Gift Club,https://t.me/giftclub,https://t.me/the_giveaways,also known as,"corpus channel cards, September 2026"
2162901031,Gift Ded,https://t.me/mr1gram,https://t.me/gramexperts,also known as,"corpus channel cards, September 2026"
2274745276,GIFT MAFIA,https://t.me/giftmafia,https://t.me/giftmania,also known as,"corpus channel cards, September 2026"
3120589295,Gift News,https://t.me/giftnews,https://t.me/giftsnews,also known as,"corpus channel cards, September 2026"
2423563686,Gift Peek,https://t.me/peektg,https://t.me/peeknft,also known as,"corpus channel cards, September 2026"
2464405075,Gift Wiki Bot,https://t.me/giftwiki,https://t.me/gift_wiki,also known as,"corpus channel cards, September 2026"
2464405075,Gift Wiki Bot,https://t.me/giftwiki,https://t.me/gifts_wiki,also known as,"corpus channel cards, September 2026"
2464405075,Gift Wiki Bot,https://t.me/giftwiki,https://t.me/giftswiki,also known as,"corpus channel cards, September 2026"
2464405075,Gift Wiki Bot,https://t.me/giftwiki,https://t.me/giftswikibot,also known as,"corpus channel cards, September 2026"
2464405075,Gift Wiki Bot,https://t.me/giftwiki,https://t.me/giftswikipedia,also known as,"corpus channel cards, September 2026"
1384859930,Gift | اخبار گیفت ایران,https://t.me/chnlwhale,https://t.me/first_content,also known as,"corpus channel cards, September 2026"
3204235193,GiftFlow | NFT News & Giveaways,https://t.me/gifts_giveaaways,https://t.me/giftplayyy,also known as,"corpus channel cards, September 2026"
1853458340,Gifting,https://t.me/giftingtg,https://t.me/boosting,also known as,"corpus channel cards, September 2026"
1853458340,Gifting,https://t.me/giftingtg,https://t.me/cryptotopremium,also known as,"corpus channel cards, September 2026"
1853458340,Gifting,https://t.me/giftingtg,https://t.me/cryptotostars,also known as,"corpus channel cards, September 2026"
2473509498,Gifts,https://t.me/autogiftnews,https://t.me/autobuygift,also known as,"corpus channel cards, September 2026"
2707601178,Gifts & Stickers / CRYPTO 01,https://t.me/poebota,https://t.me/drocher,also known as,"corpus channel cards, September 2026"
2707601178,Gifts & Stickers / CRYPTO 01,https://t.me/poebota,https://t.me/manda,also known as,"corpus channel cards, September 2026"
2534859950,Gifts Battle,https://t.me/giftsbattle,https://t.me/giftsbattles,also known as,"corpus channel cards, September 2026"
1526813295,Gifts Holder,https://t.me/digest,https://t.me/gifts_holder,also known as,"corpus channel cards, September 2026"
1526813295,Gifts Holder,https://t.me/digest,https://t.me/giftsawayer,also known as,"corpus channel cards, September 2026"
2031087939,Gifts TEMA,https://t.me/gifts_tema,https://t.me/donki,also known as,"corpus channel cards, September 2026"
2031087939,Gifts TEMA,https://t.me/gifts_tema,https://t.me/driada,also known as,"corpus channel cards, September 2026"
2031087939,Gifts TEMA,https://t.me/gifts_tema,https://t.me/fxnzt,also known as,"corpus channel cards, September 2026"
2031087939,Gifts TEMA,https://t.me/gifts_tema,https://t.me/nft_gta,also known as,"corpus channel cards, September 2026"
2031087939,Gifts TEMA,https://t.me/gifts_tema,https://t.me/nfts365,also known as,"corpus channel cards, September 2026"
2031087939,Gifts TEMA,https://t.me/gifts_tema,https://t.me/tg_10,also known as,"corpus channel cards, September 2026"
2031087939,Gifts TEMA,https://t.me/gifts_tema,https://t.me/wotiv,also known as,"corpus channel cards, September 2026"
2572147892,GIFTSIDER – TON,https://t.me/insides,https://t.me/getgifts,also known as,"corpus channel cards, September 2026"
2572147892,GIFTSIDER – TON,https://t.me/insides,https://t.me/giftsider,also known as,"corpus channel cards, September 2026"
2695086847,GiftStage | NFT News & TON,https://t.me/flowsgift,https://t.me/giftstage,also known as,"corpus channel cards, September 2026"
2049550504,GIMME LIFE,https://t.me/gimme_life,https://t.me/gimmegifts,also known as,"corpus channel cards, September 2026"
2049550504,GIMME LIFE,https://t.me/gimme_life,https://t.me/gimmetons,also known as,"corpus channel cards, September 2026"
1443161079,gloria,https://t.me/tonland,https://t.me/gloria,also known as,"corpus channel cards, September 2026"
1443161079,gloria,https://t.me/tonland,https://t.me/hotnames,also known as,"corpus channel cards, September 2026"
1443161079,gloria,https://t.me/tonland,https://t.me/usercollection,also known as,"corpus channel cards, September 2026"
3175595268,Gmail Farmer PRO,https://t.me/gfprocom,https://t.me/emailfarmer,also known as,"corpus channel cards, September 2026"
3175595268,Gmail Farmer PRO,https://t.me/gfprocom,https://t.me/mailfarmer,also known as,"corpus channel cards, September 2026"
1375105242,GoalPixels,https://t.me/goalpixels,https://t.me/goalton,also known as,"corpus channel cards, September 2026"
1400395618,GoMining,https://t.me/gomining,https://t.me/gmt_token,also known as,"corpus channel cards, September 2026"
1400395618,GoMining,https://t.me/gomining,https://t.me/gominingofficial,also known as,"corpus channel cards, September 2026"
2957582846,Goodies,https://t.me/goodies,https://t.me/goodiestg,also known as,"corpus channel cards, September 2026"
1178308966,Grafen,https://t.me/grafenity,https://t.me/delovoyton,also known as,"corpus channel cards, September 2026"
1178308966,Grafen,https://t.me/grafenity,https://t.me/tonclan,also known as,"corpus channel cards, September 2026"
2286234154,GRAM Blacklist (ex TON Blacklist),https://t.me/plohishi_ton,https://t.me/blacklistton,also known as,"corpus channel cards, September 2026"
2286234154,GRAM Blacklist (ex TON Blacklist),https://t.me/plohishi_ton,https://t.me/blagoe,also known as,"corpus channel cards, September 2026"
2286234154,GRAM Blacklist (ex TON Blacklist),https://t.me/plohishi_ton,https://t.me/gram_black,also known as,"corpus channel cards, September 2026"
2114827336,Gram Community,https://t.me/gramcommunity,https://t.me/coin_gram,also known as,"corpus channel cards, September 2026"
2114827336,Gram Community,https://t.me/gramcommunity,https://t.me/cointon,also known as,"corpus channel cards, September 2026"
2114827336,Gram Community,https://t.me/gramcommunity,https://t.me/gram_coin,also known as,"corpus channel cards, September 2026"
2114827336,Gram Community,https://t.me/gramcommunity,https://t.me/gramcoin_channel,also known as,"corpus channel cards, September 2026"
2114827336,Gram Community,https://t.me/gramcommunity,https://t.me/gramcoins,also known as,"corpus channel cards, September 2026"
2662123418,Gram News,https://t.me/tonmonitoring,https://t.me/gramnews,also known as,"corpus channel cards, September 2026"
1233043722,Gram of TON,https://t.me/gram,https://t.me/toncoin,also known as,"corpus channel cards, September 2026"
1151792608,Gram VPN,https://t.me/gramvpn,https://t.me/gramvpnnews,also known as,"corpus channel cards, September 2026"
2110548798,GRAM ZONE Community,https://t.me/gramzone,https://t.me/gramzone_official,also known as,"corpus channel cards, September 2026"
2597898081,Greedy,https://t.me/greedy_nft,https://t.me/nftnewstelega,also known as,"corpus channel cards, September 2026"
1884008419,Heritage,https://t.me/heritage,https://t.me/datamine,also known as,"corpus channel cards, September 2026"
1884008419,Heritage,https://t.me/heritage,https://t.me/skins,also known as,"corpus channel cards, September 2026"
1884008419,Heritage,https://t.me/heritage,https://t.me/thecrypto,also known as,"corpus channel cards, September 2026"
1765846307,indicaton,https://t.me/indicaton,https://t.me/intotheton,also known as,"corpus channel cards, September 2026"
1537127243,Insight TON • News Web3 Trends,https://t.me/libermallcn,https://t.me/devtoncoin,also known as,"corpus channel cards, September 2026"
1537127243,Insight TON • News Web3 Trends,https://t.me/libermallcn,https://t.me/gemnewston,also known as,"corpus channel cards, September 2026"
1537127243,Insight TON • News Web3 Trends,https://t.me/libermallcn,https://t.me/web3newston,also known as,"corpus channel cards, September 2026"
1412873120,Investment kingyru,https://t.me/investkingyru,https://t.me/baseapp,also known as,"corpus channel cards, September 2026"
1412873120,Investment kingyru,https://t.me/investkingyru,https://t.me/club100,also known as,"corpus channel cards, September 2026"
1412873120,Investment kingyru,https://t.me/investkingyru,https://t.me/givemeton,also known as,"corpus channel cards, September 2026"
1412873120,Investment kingyru,https://t.me/investkingyru,https://t.me/mysociety,also known as,"corpus channel cards, September 2026"
2107344423,itonspace,https://t.me/itonspace,https://t.me/tonbanda,also known as,"corpus channel cards, September 2026"
1556267361,I’m Pepe,https://t.me/pepe_vlog,https://t.me/x14444,also known as,"corpus channel cards, September 2026"
1940408032,Jetton Whale Swaps,https://t.me/moonweb3,https://t.me/ageofworms,also known as,"corpus channel cards, September 2026"
1650618543,JogjaTon - TONCompanion,https://t.me/jogjaton,https://t.me/toncompanion,also known as,"corpus channel cards, September 2026"
2614625535,Katrin,https://t.me/nftkati,https://t.me/tonprincess,also known as,"corpus channel cards, September 2026"
2008215323,KirkaFi,https://t.me/farmixton,https://t.me/farmix_ru,also known as,"corpus channel cards, September 2026"
2008215323,KirkaFi,https://t.me/farmixton,https://t.me/kirkaton,also known as,"corpus channel cards, September 2026"
2227669968,kuznetsov.,https://t.me/kuznetsovton,https://t.me/metalballs,also known as,"corpus channel cards, September 2026"
2227669968,kuznetsov.,https://t.me/kuznetsovton,https://t.me/vostenzukmai,also known as,"corpus channel cards, September 2026"
2005387243,Ladesov Crypto,https://t.me/cryptoladesov,https://t.me/capcha,also known as,"corpus channel cards, September 2026"
2005387243,Ladesov Crypto,https://t.me/cryptoladesov,https://t.me/comersantishka,also known as,"corpus channel cards, September 2026"
2005387243,Ladesov Crypto,https://t.me/cryptoladesov,https://t.me/eeusd,also known as,"corpus channel cards, September 2026"
2005387243,Ladesov Crypto,https://t.me/cryptoladesov,https://t.me/falcet,also known as,"corpus channel cards, September 2026"
2005387243,Ladesov Crypto,https://t.me/cryptoladesov,https://t.me/koketka,also known as,"corpus channel cards, September 2026"
2005387243,Ladesov Crypto,https://t.me/cryptoladesov,https://t.me/signali,also known as,"corpus channel cards, September 2026"
2086760056,LEAN HUSTLE CRYPTO (TON SZN & NFT),https://t.me/lh_crypto1,https://t.me/leanhustle_crypto,also known as,"corpus channel cards, September 2026"
1719965647,LEGAL,https://t.me/legai,https://t.me/telefrem,also known as,"corpus channel cards, September 2026"
1693052309,Libermall DeFi Маркет Gift NFT,https://t.me/libermallcom,https://t.me/libermallchat,also known as,"corpus channel cards, September 2026"
1693052309,Libermall DeFi Маркет Gift NFT,https://t.me/libermallcom,https://t.me/libermallrus,also known as,"corpus channel cards, September 2026"
1693052309,Libermall DeFi Маркет Gift NFT,https://t.me/libermallcom,https://t.me/onlineshopnft,also known as,"corpus channel cards, September 2026"
1977244899,LIFE IN THE CRYPTO,https://t.me/lifethecrypto,https://t.me/starsloto,also known as,"corpus channel cards, September 2026"
2020833003,LIVE,https://t.me/tlive,https://t.me/tonlive,also known as,"corpus channel cards, September 2026"
2498058225,LIVER,https://t.me/livercs_info,https://t.me/skinfat,also known as,"corpus channel cards, September 2026"
2933017090,LOA Hero,https://t.me/officialopensea,https://t.me/theofficialopensea,also known as,"corpus channel cards, September 2026"
3973744789,LOBSTERS,https://t.me/lobsters,https://t.me/lobstershop,also known as,"corpus channel cards, September 2026"
2010453290,Lost Dogs Holder,https://t.me/lost_dogs_holder,https://t.me/wolfa,also known as,"corpus channel cards, September 2026"
1801207832,Marina Rioni,https://t.me/iamtheriver,https://t.me/rionifm,also known as,"corpus channel cards, September 2026"
2174083118,maršalov,https://t.me/marsalscave,https://t.me/kabalbalkan,also known as,"corpus channel cards, September 2026"
2174083118,maršalov,https://t.me/marsalscave,https://t.me/tonmate,also known as,"corpus channel cards, September 2026"
2174083118,maršalov,https://t.me/marsalscave,https://t.me/upperleague,also known as,"corpus channel cards, September 2026"
2000556732,Max.ton,https://t.me/notcoinswap,https://t.me/gramlow,also known as,"corpus channel cards, September 2026"
2000556732,Max.ton,https://t.me/notcoinswap,https://t.me/thenotcoin,also known as,"corpus channel cards, September 2026"
2000556732,Max.ton,https://t.me/notcoinswap,https://t.me/tonhigh,also known as,"corpus channel cards, September 2026"
2000556732,Max.ton,https://t.me/notcoinswap,https://t.me/tonlow,also known as,"corpus channel cards, September 2026"
2249697499,Memegram,https://t.me/memex,https://t.me/fragmement,also known as,"corpus channel cards, September 2026"
2207548212,Memes Lab,https://t.me/lab_trade,https://t.me/memeslabxyz,also known as,"corpus channel cards, September 2026"
2078598384,MeowCatMarket,https://t.me/meowcatmarket,https://t.me/avitpro,also known as,"corpus channel cards, September 2026"
2078598384,MeowCatMarket,https://t.me/meowcatmarket,https://t.me/offertaweb,also known as,"corpus channel cards, September 2026"
2078598384,MeowCatMarket,https://t.me/meowcatmarket,https://t.me/toncoin_betting,also known as,"corpus channel cards, September 2026"
2078598384,MeowCatMarket,https://t.me/meowcatmarket,https://t.me/tonlookup,also known as,"corpus channel cards, September 2026"
2625814083,Monochrome Gifts [Выложи подарок/Post your gift],https://t.me/monogifts,https://t.me/gifts_monochrome,also known as,"corpus channel cards, September 2026"
1857552386,Moon Market | Digital Collectibles,https://t.me/moonmarketplace,https://t.me/kollektsionka,also known as,"corpus channel cards, September 2026"
1857552386,Moon Market | Digital Collectibles,https://t.me/moonmarketplace,https://t.me/nftonton,also known as,"corpus channel cards, September 2026"
1857552386,Moon Market | Digital Collectibles,https://t.me/moonmarketplace,https://t.me/wuuqo,also known as,"corpus channel cards, September 2026"
2461384606,morsh.ton,https://t.me/morshton,https://t.me/morshnft,also known as,"corpus channel cards, September 2026"
2461384606,morsh.ton,https://t.me/morshton,https://t.me/tonmorsh,also known as,"corpus channel cards, September 2026"
1753242934,MO̷B̷E̷T̷O̷H̷,https://t.me/durnoyton,https://t.me/afk_sistema,also known as,"corpus channel cards, September 2026"
1753242934,MO̷B̷E̷T̷O̷H̷,https://t.me/durnoyton,https://t.me/ceoloh,also known as,"corpus channel cards, September 2026"
1753242934,MO̷B̷E̷T̷O̷H̷,https://t.me/durnoyton,https://t.me/dubaihookah,also known as,"corpus channel cards, September 2026"
1753242934,MO̷B̷E̷T̷O̷H̷,https://t.me/durnoyton,https://t.me/hitdubai,also known as,"corpus channel cards, September 2026"
1753242934,MO̷B̷E̷T̷O̷H̷,https://t.me/durnoyton,https://t.me/tonnescam,also known as,"corpus channel cards, September 2026"
1753242934,MO̷B̷E̷T̷O̷H̷,https://t.me/durnoyton,https://t.me/wetrustinton,also known as,"corpus channel cards, September 2026"
1964866457,Mr Not | نات کوین ایران,https://t.me/notcoinmint,https://t.me/mrnot,also known as,"corpus channel cards, September 2026"
1913266359,MR TONY,https://t.me/itsmrtony,https://t.me/mr_tony,also known as,"corpus channel cards, September 2026"
1979588285,MrKiaTeam | Candoo Trade | آموزش ترید از زیر صفر,https://t.me/candootrade,https://t.me/mrkiateam,also known as,"corpus channel cards, September 2026"
2183467696,Neuron,https://t.me/iamneuron,https://t.me/neuron_io,also known as,"corpus channel cards, September 2026"
2319102520,News Coon,https://t.me/news_coon,https://t.me/boss_coon,also known as,"corpus channel cards, September 2026"
2319102520,News Coon,https://t.me/news_coon,https://t.me/hold_coon,also known as,"corpus channel cards, September 2026"
2319102520,News Coon,https://t.me/news_coon,https://t.me/vibe_coon,also known as,"corpus channel cards, September 2026"
2383260322,NFT GIFTS,https://t.me/nftsgiftssnews,https://t.me/nftswe,also known as,"corpus channel cards, September 2026"
2499168995,NFT USERNAMES,https://t.me/nftpast,https://t.me/b333b,also known as,"corpus channel cards, September 2026"
2499168995,NFT USERNAMES,https://t.me/nftpast,https://t.me/frigment,also known as,"corpus channel cards, September 2026"
2499168995,NFT USERNAMES,https://t.me/nftpast,https://t.me/nftplatforma,also known as,"corpus channel cards, September 2026"
2499168995,NFT USERNAMES,https://t.me/nftpast,https://t.me/o444o,also known as,"corpus channel cards, September 2026"
2499168995,NFT USERNAMES,https://t.me/nftpast,https://t.me/p444p,also known as,"corpus channel cards, September 2026"
2499168995,NFT USERNAMES,https://t.me/nftpast,https://t.me/p_2_p,also known as,"corpus channel cards, September 2026"
2499168995,NFT USERNAMES,https://t.me/nftpast,https://t.me/prelisted,also known as,"corpus channel cards, September 2026"
2499168995,NFT USERNAMES,https://t.me/nftpast,https://t.me/usersmint,also known as,"corpus channel cards, September 2026"
1692689517,NFT Коты Метавселенной,https://t.me/libermalltr,https://t.me/tonnftcat,also known as,"corpus channel cards, September 2026"
1772209677,NFT Подарки,https://t.me/nft_podarki,https://t.me/podarok_nft,also known as,"corpus channel cards, September 2026"
2017237262,NFT подарки Telegram,https://t.me/nft_gift_tg,https://t.me/durovs_figurine,also known as,"corpus channel cards, September 2026"
2376133729,NFTROULETTE,https://t.me/nftroulettecommunity,https://t.me/nftroulette,also known as,"corpus channel cards, September 2026"
2376133729,NFTROULETTE,https://t.me/nftroulettecommunity,https://t.me/roulettenft,also known as,"corpus channel cards, September 2026"
1975108231,NFT永久电报用户名上新公示群,https://t.me/haobbb,https://t.me/chaxia,also known as,"corpus channel cards, September 2026"
1975108231,NFT永久电报用户名上新公示群,https://t.me/haobbb,https://t.me/fenbian,also known as,"corpus channel cards, September 2026"
1975108231,NFT永久电报用户名上新公示群,https://t.me/haobbb,https://t.me/hegod,also known as,"corpus channel cards, September 2026"
1975108231,NFT永久电报用户名上新公示群,https://t.me/haobbb,https://t.me/ohmoney,also known as,"corpus channel cards, September 2026"
1975108231,NFT永久电报用户名上新公示群,https://t.me/haobbb,https://t.me/queshao,also known as,"corpus channel cards, September 2026"
1975108231,NFT永久电报用户名上新公示群,https://t.me/haobbb,https://t.me/tiaoji,also known as,"corpus channel cards, September 2026"
1975108231,NFT永久电报用户名上新公示群,https://t.me/haobbb,https://t.me/zaozaozao,also known as,"corpus channel cards, September 2026"
1975108231,NFT永久电报用户名上新公示群,https://t.me/haobbb,https://t.me/zuowei,also known as,"corpus channel cards, September 2026"
2088000294,Not Bored Puppies Bot,https://t.me/notboredpuppies_news,https://t.me/topcoin,also known as,"corpus channel cards, September 2026"
2071169011,Not Meme,https://t.me/tonstrategy,https://t.me/grafun,also known as,"corpus channel cards, September 2026"
2071169011,Not Meme,https://t.me/tonstrategy,https://t.me/members,also known as,"corpus channel cards, September 2026"
2071169011,Not Meme,https://t.me/tonstrategy,https://t.me/memelandia,also known as,"corpus channel cards, September 2026"
2071169011,Not Meme,https://t.me/tonstrategy,https://t.me/memepad,also known as,"corpus channel cards, September 2026"
2071169011,Not Meme,https://t.me/tonstrategy,https://t.me/notmeme,also known as,"corpus channel cards, September 2026"
2071169011,Not Meme,https://t.me/tonstrategy,https://t.me/proofofmeme,also known as,"corpus channel cards, September 2026"
2071169011,Not Meme,https://t.me/tonstrategy,https://t.me/starscoin,also known as,"corpus channel cards, September 2026"
2126675037,NOT Wise,https://t.me/notwise,https://t.me/notwise_scam,also known as,"corpus channel cards, September 2026"
2126675037,NOT Wise,https://t.me/notwise,https://t.me/welovemondays,also known as,"corpus channel cards, September 2026"
2007141958,Notcoin,https://t.me/notcoin,https://t.me/notcoin_scam,also known as,"corpus channel cards, September 2026"
2094410075,"Note me, TON",https://t.me/notemeton,https://t.me/notclub100,also known as,"corpus channel cards, September 2026"
2094410075,"Note me, TON",https://t.me/notemeton,https://t.me/stonsex,also known as,"corpus channel cards, September 2026"
2094410075,"Note me, TON",https://t.me/notemeton,https://t.me/ton_priton,also known as,"corpus channel cards, September 2026"
2162399525,Noxecoin,https://t.me/noxecoin,https://t.me/durov_fi,also known as,"corpus channel cards, September 2026"
2162399525,Noxecoin,https://t.me/noxecoin,https://t.me/hamster_crypto_game,also known as,"corpus channel cards, September 2026"
2162399525,Noxecoin,https://t.me/noxecoin,https://t.me/ton_dzen,also known as,"corpus channel cards, September 2026"
2162399525,Noxecoin,https://t.me/noxecoin,https://t.me/trump_fi,also known as,"corpus channel cards, September 2026"
2266762704,NWDM CRYPTO,https://t.me/nwdmcrypto,https://t.me/gramnewsru,also known as,"corpus channel cards, September 2026"
2477335081,onexi agency,https://t.me/animate,https://t.me/onexi,also known as,"corpus channel cards, September 2026"
2477335081,onexi agency,https://t.me/animate,https://t.me/onexi_io,also known as,"corpus channel cards, September 2026"
2265506002,ONLY,https://t.me/p2pru,https://t.me/onlypays,also known as,"corpus channel cards, September 2026"
2265506002,ONLY,https://t.me/p2pru,https://t.me/p2prub,also known as,"corpus channel cards, September 2026"
1633141720,OPEN,https://t.me/opensites,https://t.me/opendao,also known as,"corpus channel cards, September 2026"
1647949380,PADLA,https://t.me/padla_project,https://t.me/padlapro,also known as,"corpus channel cards, September 2026"
1647949380,PADLA,https://t.me/padla_project,https://t.me/padlaproject,also known as,"corpus channel cards, September 2026"
1006503122,Pavel Durov,https://t.me/durov,https://t.me/feed,also known as,"corpus channel cards, September 2026"
1006503122,Pavel Durov,https://t.me/durov,https://t.me/lean,also known as,"corpus channel cards, September 2026"
1006503122,Pavel Durov,https://t.me/durov,https://t.me/paul,also known as,"corpus channel cards, September 2026"
1006503122,Pavel Durov,https://t.me/durov,https://t.me/rove,also known as,"corpus channel cards, September 2026"
1006503122,Pavel Durov,https://t.me/durov,https://t.me/snow,also known as,"corpus channel cards, September 2026"
2656487358,Pikcher Gift,https://t.me/pikchergift,https://t.me/pikchercrypto,also known as,"corpus channel cards, September 2026"
1929126200,"Placce || ALL OPEN>STARS, TON, UFS AND RENT GIFT.",https://t.me/placce,https://t.me/ceweek,also known as,"corpus channel cards, September 2026"
1929126200,"Placce || ALL OPEN>STARS, TON, UFS AND RENT GIFT.",https://t.me/placce,https://t.me/galllery,also known as,"corpus channel cards, September 2026"
1929126200,"Placce || ALL OPEN>STARS, TON, UFS AND RENT GIFT.",https://t.me/placce,https://t.me/kkakak,also known as,"corpus channel cards, September 2026"
1929126200,"Placce || ALL OPEN>STARS, TON, UFS AND RENT GIFT.",https://t.me/placce,https://t.me/luggu,also known as,"corpus channel cards, September 2026"
1929126200,"Placce || ALL OPEN>STARS, TON, UFS AND RENT GIFT.",https://t.me/placce,https://t.me/perempuuan,also known as,"corpus channel cards, September 2026"
1935147038,Plantation,https://t.me/plantation,https://t.me/fightable,also known as,"corpus channel cards, September 2026"
1935147038,Plantation,https://t.me/plantation,https://t.me/kirkland,also known as,"corpus channel cards, September 2026"
2139386320,PlayDeck,https://t.me/playdeck_en,https://t.me/playcoin,also known as,"corpus channel cards, September 2026"
1643588997,Playmuse,https://t.me/playmuse,https://t.me/playmuseton,also known as,"corpus channel cards, September 2026"
2850388814,PLUSH PEPE SALES,https://t.me/plushpepe_sales,https://t.me/plushpepesales,also known as,"corpus channel cards, September 2026"
2850388814,PLUSH PEPE SALES,https://t.me/plushpepe_sales,https://t.me/plushsales,also known as,"corpus channel cards, September 2026"
2152460374,Portfel,https://t.me/ton_portfel,https://t.me/portfel,also known as,"corpus channel cards, September 2026"
1788195642,Primate impact is too high,https://t.me/primateimpact,https://t.me/primateimpactistoohigh,also known as,"corpus channel cards, September 2026"
1635980019,PunkCity (PUNK),https://t.me/tonpunkseng,https://t.me/tonpunks,also known as,"corpus channel cards, September 2026"
1954618792,QuestHub,https://t.me/brobot,https://t.me/questhub,also known as,"corpus channel cards, September 2026"
2084887586,Reagen ex-lari,https://t.me/oglari,https://t.me/reagen,also known as,"corpus channel cards, September 2026"
2798511944,RedoTrade,https://t.me/gramtrade,https://t.me/redosmarttrade,also known as,"corpus channel cards, September 2026"
1491486000,"REKBER SIX: Convert Crypto (USDT, TON, TRX, Binance, dll), MYR, PESO, REKBER",https://t.me/rekbersix,https://t.me/lnvoices,also known as,"corpus channel cards, September 2026"
1491486000,"REKBER SIX: Convert Crypto (USDT, TON, TRX, Binance, dll), MYR, PESO, REKBER",https://t.me/rekbersix,https://t.me/rekberz,also known as,"corpus channel cards, September 2026"
1314234330,rektbet,https://t.me/scam_score,https://t.me/rektbet,also known as,"corpus channel cards, September 2026"
2029768155,Resistance Girl (REGI),https://t.me/resistancegirlcoin,https://t.me/resistancegirl,also known as,"corpus channel cards, September 2026"
2844790751,Resistance Tools,https://t.me/resistancetools,https://t.me/resistortools,also known as,"corpus channel cards, September 2026"
2844790751,Resistance Tools,https://t.me/resistancetools,https://t.me/the_digital_resistance,also known as,"corpus channel cards, September 2026"
2139303102,RG Club,https://t.me/jettonnews,https://t.me/givejetton,also known as,"corpus channel cards, September 2026"
1664088494,Roxman печатает…,https://t.me/roxtalk,https://t.me/roxmvn,also known as,"corpus channel cards, September 2026"
1751418940,RSquad,https://t.me/rsquad,https://t.me/rsquadlife,also known as,"corpus channel cards, September 2026"
2437995055,"SILHOVIC : NOKTEL, TELEPREM, TELESTARS, ROBUX, BOOST, TON, NFT, NOKWA",https://t.me/silhovic,https://t.me/mteleprem,also known as,"corpus channel cards, September 2026"
3826273256,Six Seven Club Bot,https://t.me/club67,https://t.me/sixsevenclub,also known as,"corpus channel cards, September 2026"
2356117078,Social DeFi on TON,https://t.me/palette,https://t.me/palettefi,also known as,"corpus channel cards, September 2026"
2356117078,Social DeFi on TON,https://t.me/palette,https://t.me/palettefinance,also known as,"corpus channel cards, September 2026"
1875594542,Sousou,https://t.me/cn123,https://t.me/toncn123,also known as,"corpus channel cards, September 2026"
2077182284,Spell Wallet,https://t.me/spell_wallet,https://t.me/spellwallet,also known as,"corpus channel cards, September 2026"
2167628529,Spidey Gift,https://t.me/pauchokman,https://t.me/spidergift,also known as,"corpus channel cards, September 2026"
2167628529,Spidey Gift,https://t.me/pauchokman,https://t.me/spideygifts,also known as,"corpus channel cards, September 2026"
2167628529,Spidey Gift,https://t.me/pauchokman,https://t.me/spidorasmen,also known as,"corpus channel cards, September 2026"
2145737073,SpinnerCoin,https://t.me/spinnercoin,https://t.me/spinnercoinnews,also known as,"corpus channel cards, September 2026"
7631568033,SpyDefi BuyBot,https://t.me/chat_boost,https://t.me/spydefibuybot,also known as,userbot peer cache
2852697116,Sticker News,https://t.me/stickernews,https://t.me/excommunicado,also known as,"corpus channel cards, September 2026"
2852697116,Sticker News,https://t.me/stickernews,https://t.me/giftsie,also known as,"corpus channel cards, September 2026"
2852697116,Sticker News,https://t.me/stickernews,https://t.me/giftsru,also known as,"corpus channel cards, September 2026"
2852697116,Sticker News,https://t.me/stickernews,https://t.me/newsgifts,also known as,"corpus channel cards, September 2026"
2852697116,Sticker News,https://t.me/stickernews,https://t.me/sticker_news,also known as,"corpus channel cards, September 2026"
2852697116,Sticker News,https://t.me/stickernews,https://t.me/stickeru,also known as,"corpus channel cards, September 2026"
1127275147,SuperVerse,https://t.me/superverse,https://t.me/superverseann,also known as,"Gram News crawl, August to September 2026"
1644408428,SVIATOSLAV ₿ GUSEV,https://t.me/gusevlife,https://t.me/gusev_blog,also known as,"corpus channel cards, September 2026"
1644408428,SVIATOSLAV ₿ GUSEV,https://t.me/gusevlife,https://t.me/gusevlive24,also known as,"corpus channel cards, September 2026"
1644408428,SVIATOSLAV ₿ GUSEV,https://t.me/gusevlife,https://t.me/gusevusa,also known as,"corpus channel cards, September 2026"
1644408428,SVIATOSLAV ₿ GUSEV,https://t.me/gusevlife,https://t.me/sviatoslavhusiev,also known as,"corpus channel cards, September 2026"
1672578926,Swapster,https://t.me/swpstr,https://t.me/swapster_fi,also known as,"corpus channel cards, September 2026"
2397233274,Tegen Tap,https://t.me/tmail_ton,https://t.me/officialtmail,also known as,"corpus channel cards, September 2026"
2397233274,Tegen Tap,https://t.me/tmail_ton,https://t.me/tchat,also known as,"corpus channel cards, September 2026"
2397233274,Tegen Tap,https://t.me/tmail_ton,https://t.me/tmailofficial,also known as,"corpus channel cards, September 2026"
2397233274,Tegen Tap,https://t.me/tmail_ton,https://t.me/tmarket,also known as,"corpus channel cards, September 2026"
2329871380,Tele24hr • News,https://t.me/tele24hr,https://t.me/vommunity,also known as,"corpus channel cards, September 2026"
1003307527,Telegram Info,https://t.me/tginfo,https://t.me/tgfaq,also known as,"corpus channel cards, September 2026"
1055072698,Telegram Stickers,https://t.me/tgsticker,https://t.me/stikerytg,also known as,"corpus channel cards, September 2026"
1055072698,Telegram Stickers,https://t.me/tgsticker,https://t.me/stiky,also known as,"corpus channel cards, September 2026"
1055072698,Telegram Stickers,https://t.me/tgsticker,https://t.me/tgpacks,also known as,"corpus channel cards, September 2026"
1055072698,Telegram Stickers,https://t.me/tgsticker,https://t.me/tgstikers,also known as,"corpus channel cards, September 2026"
1501679986,telenews,https://t.me/telenews,https://t.me/tgnews,also known as,"corpus channel cards, September 2026"
1501679986,telenews,https://t.me/telenews,https://t.me/tonnews,also known as,"corpus channel cards, September 2026"
1501679986,telenews,https://t.me/telenews,https://t.me/xxxxxxxxxxxx,also known as,"corpus channel cards, September 2026"
3816772722,Teleton Agents,https://t.me/teletonagents,https://t.me/aiagentkit,also known as,"corpus channel cards, September 2026"
3816772722,Teleton Agents,https://t.me/teletonagents,https://t.me/teletonagent,also known as,"corpus channel cards, September 2026"
2325377043,TELO,https://t.me/telomeme,https://t.me/naebalovo,also known as,"corpus channel cards, September 2026"
1746452087,Telo News,https://t.me/telonews,https://t.me/telonews_en,also known as,"corpus channel cards, September 2026"
2190574347,TeraHash,https://t.me/terahash,https://t.me/terahash_co,also known as,"corpus channel cards, September 2026"
2430465988,The Fund,https://t.me/thefund,https://t.me/theapp,also known as,"corpus channel cards, September 2026"
1934611549,The Miners Club,https://t.me/theminersclub,https://t.me/tmc_ton,also known as,"corpus channel cards, September 2026"
1729798419,The Open Platform,https://t.me/topco,https://t.me/research,also known as,"corpus channel cards, September 2026"
2210250231,TON / GRAM Space,https://t.me/tonspace,https://t.me/gramspace,also known as,"corpus channel cards, September 2026"
2210250231,TON / GRAM Space,https://t.me/tonspace,https://t.me/tonfaith,also known as,"corpus channel cards, September 2026"
2210250231,TON / GRAM Space,https://t.me/tonspace,https://t.me/tonfestival,also known as,"corpus channel cards, September 2026"
2210250231,TON / GRAM Space,https://t.me/tonspace,https://t.me/toninsights,also known as,"corpus channel cards, September 2026"
2210250231,TON / GRAM Space,https://t.me/tonspace,https://t.me/tonthoughts,also known as,"corpus channel cards, September 2026"
1606751755,TON AirDrop (RU),https://t.me/tonairdrop_ru,https://t.me/ton_post,also known as,"corpus channel cards, September 2026"
1977696596,TON Cabal,https://t.me/cooks,https://t.me/bullposting,also known as,"corpus channel cards, September 2026"
1977696596,TON Cabal,https://t.me/cooks,https://t.me/endorsers,also known as,"corpus channel cards, September 2026"
1977696596,TON Cabal,https://t.me/cooks,https://t.me/failtrade,also known as,"corpus channel cards, September 2026"
1977696596,TON Cabal,https://t.me/cooks,https://t.me/moonbirds,also known as,"corpus channel cards, September 2026"
1977696596,TON Cabal,https://t.me/cooks,https://t.me/noobies,also known as,"corpus channel cards, September 2026"
1977696596,TON Cabal,https://t.me/cooks,https://t.me/sidelined,also known as,"corpus channel cards, September 2026"
1977696596,TON Cabal,https://t.me/cooks,https://t.me/strategic,also known as,"corpus channel cards, September 2026"
1971627199,TON CABAL,https://t.me/toncabal,https://t.me/ton_cabal,also known as,"corpus channel cards, September 2026"
1971627199,TON CABAL,https://t.me/toncabal,https://t.me/tonbigger,also known as,"corpus channel cards, September 2026"
1971627199,TON CABAL,https://t.me/toncabal,https://t.me/toncorner,also known as,"corpus channel cards, September 2026"
1971627199,TON CABAL,https://t.me/toncabal,https://t.me/tontribe,also known as,"corpus channel cards, September 2026"
1742281953,TON Community,https://t.me/toncommunitychannel,https://t.me/toncommunitychannelhq,also known as,"corpus channel cards, September 2026"
2114664372,TON DeFi • DEX Foundation,https://t.me/tgrfoundation,https://t.me/tegrocoin,also known as,"corpus channel cards, September 2026"
2114664372,TON DeFi • DEX Foundation,https://t.me/tgrfoundation,https://t.me/tegroio,also known as,"corpus channel cards, September 2026"
2114664372,TON DeFi • DEX Foundation,https://t.me/tgrfoundation,https://t.me/tgrtegro,also known as,"corpus channel cards, September 2026"
2114664372,TON DeFi • DEX Foundation,https://t.me/tgrfoundation,https://t.me/tokentgr,also known as,"corpus channel cards, September 2026"
2222732495,TON ID,https://t.me/tonidapp,https://t.me/ton_id,also known as,"corpus channel cards, September 2026"
2851383263,TON Loading...,https://t.me/tonloading,https://t.me/loading_ton,also known as,"corpus channel cards, September 2026"
2851383263,TON Loading...,https://t.me/tonloading,https://t.me/niggaton,also known as,"corpus channel cards, September 2026"
1598637511,TON Map,https://t.me/tonmap,https://t.me/thetonmap,also known as,"corpus channel cards, September 2026"
1598637511,TON Map,https://t.me/tonmap,https://t.me/tonmapbot,also known as,"corpus channel cards, September 2026"
1988504708,TON News,https://t.me/new_ton_news,https://t.me/newston,also known as,"corpus channel cards, September 2026"
3992901699,TON Report,https://t.me/tonreportdaily,https://t.me/tonreport,also known as,"corpus channel cards, September 2026"
1048371958,Ton shards,https://t.me/currencynetwork,https://t.me/tonido,also known as,"corpus channel cards, September 2026"
1048371958,Ton shards,https://t.me/currencynetwork,https://t.me/tonshards,also known as,"corpus channel cards, September 2026"
1764902466,TON Tech,https://t.me/tontech,https://t.me/thetontech,also known as,"corpus channel cards, September 2026"
2790249475,TON Wall,https://t.me/tonwalll,https://t.me/tondominance,also known as,"corpus channel cards, September 2026"
2790249475,TON Wall,https://t.me/tonwalll,https://t.me/tonthebest,also known as,"corpus channel cards, September 2026"
2790249475,TON Wall,https://t.me/tonwalll,https://t.me/tonunited,also known as,"corpus channel cards, September 2026"
2790249475,TON Wall,https://t.me/tonwalll,https://t.me/tonveterans,also known as,"corpus channel cards, September 2026"
2121035122,ton://backrooms (cryptorofls),https://t.me/cryptoroflston,https://t.me/tonbackrooms,also known as,"corpus channel cards, September 2026"
2121035122,ton://backrooms (cryptorofls),https://t.me/cryptoroflston,https://t.me/tonmatrixxx,also known as,"corpus channel cards, September 2026"
1802885332,toncoin_kit,https://t.me/mosquito_stream,https://t.me/toncoin_kit,also known as,"corpus channel cards, September 2026"
2970125802,TONhub,https://t.me/khinkali_boi,https://t.me/ton_hub,also known as,"corpus channel cards, September 2026"
1202937329,TONka→GRAM.smska,https://t.me/b_i_t,https://t.me/aazuk,also known as,"corpus channel cards, September 2026"
1202937329,TONka→GRAM.smska,https://t.me/b_i_t,https://t.me/b_i_tok,also known as,"corpus channel cards, September 2026"
1202937329,TONka→GRAM.smska,https://t.me/b_i_t,https://t.me/bitcoinchannell24,also known as,"corpus channel cards, September 2026"
1202937329,TONka→GRAM.smska,https://t.me/b_i_t,https://t.me/c_r_y_p_t_o_com,also known as,"corpus channel cards, September 2026"
1202937329,TONka→GRAM.smska,https://t.me/b_i_t,https://t.me/crypto_ip,also known as,"corpus channel cards, September 2026"
1202937329,TONka→GRAM.smska,https://t.me/b_i_t,https://t.me/era19,also known as,"corpus channel cards, September 2026"
1202937329,TONka→GRAM.smska,https://t.me/b_i_t,https://t.me/nft2220,also known as,"corpus channel cards, September 2026"
1202937329,TONka→GRAM.smska,https://t.me/b_i_t,https://t.me/pobub,also known as,"corpus channel cards, September 2026"
1202937329,TONka→GRAM.smska,https://t.me/b_i_t,https://t.me/pricepredictions,also known as,"corpus channel cards, September 2026"
1202937329,TONka→GRAM.smska,https://t.me/b_i_t,https://t.me/prozai,also known as,"corpus channel cards, September 2026"
1202937329,TONka→GRAM.smska,https://t.me/b_i_t,https://t.me/smska,also known as,"corpus channel cards, September 2026"
1202937329,TONka→GRAM.smska,https://t.me/b_i_t,https://t.me/solana_net,also known as,"corpus channel cards, September 2026"
1202937329,TONka→GRAM.smska,https://t.me/b_i_t,https://t.me/startay,also known as,"corpus channel cards, September 2026"
1202937329,TONka→GRAM.smska,https://t.me/b_i_t,https://t.me/texas_ton,also known as,"corpus channel cards, September 2026"
1202937329,TONka→GRAM.smska,https://t.me/b_i_t,https://t.me/web3boston,also known as,"corpus channel cards, September 2026"
1202937329,TONka→GRAM.smska,https://t.me/b_i_t,https://t.me/web3ee,also known as,"corpus channel cards, September 2026"
1202937329,TONka→GRAM.smska,https://t.me/b_i_t,https://t.me/web3exc,also known as,"corpus channel cards, September 2026"
1202937329,TONka→GRAM.smska,https://t.me/b_i_t,https://t.me/web3no,also known as,"corpus channel cards, September 2026"
1202937329,TONka→GRAM.smska,https://t.me/b_i_t,https://t.me/web3suka,also known as,"corpus channel cards, September 2026"
1623513317,TonNomads,https://t.me/tonnomads,https://t.me/grambulls,also known as,"corpus channel cards, September 2026"
1623513317,TonNomads,https://t.me/tonnomads,https://t.me/tonenjoyors,also known as,"corpus channel cards, September 2026"
1623513317,TonNomads,https://t.me/tonnomads,https://t.me/tontitans,also known as,"corpus channel cards, September 2026"
1623513317,TonNomads,https://t.me/tonnomads,https://t.me/wolfoftonstreet,also known as,"corpus channel cards, September 2026"
2217372182,Tonographia,https://t.me/tonographia,https://t.me/notographia,also known as,"corpus channel cards, September 2026"
1497424960,Tonscan.org,https://t.me/catchain,https://t.me/tonscan,also known as,"corpus channel cards, September 2026"
1887246349,Tonski,https://t.me/searchington,https://t.me/tonski_eng,also known as,"corpus channel cards, September 2026"
1887246349,Tonski,https://t.me/searchington,https://t.me/tonskiton,also known as,"corpus channel cards, September 2026"
1787095033,TonTake (TAKE),https://t.me/tontake,https://t.me/clook,also known as,"corpus channel cards, September 2026"
1787095033,TonTake (TAKE),https://t.me/tontake,https://t.me/lummy,also known as,"corpus channel cards, September 2026"
1787095033,TonTake (TAKE),https://t.me/tontake,https://t.me/ozeda,also known as,"corpus channel cards, September 2026"
1787095033,TonTake (TAKE),https://t.me/tontake,https://t.me/remga,also known as,"corpus channel cards, September 2026"
1787095033,TonTake (TAKE),https://t.me/tontake,https://t.me/sorto,also known as,"corpus channel cards, September 2026"
1787095033,TonTake (TAKE),https://t.me/tontake,https://t.me/wevex,also known as,"corpus channel cards, September 2026"
1787095033,TonTake (TAKE),https://t.me/tontake,https://t.me/xdiet,also known as,"corpus channel cards, September 2026"
1884357376,TONX,https://t.me/tonxstudio,https://t.me/tonx,also known as,"corpus channel cards, September 2026"
1846259599,TonzCoin,https://t.me/tonzcoin,https://t.me/tonz_coin,also known as,"corpus channel cards, September 2026"
1733835083,TONкости Блокчейна,https://t.me/tonkosti_blockchain,https://t.me/ecmnews,also known as,"corpus channel cards, September 2026"
2232150995,TOOLBOX,https://t.me/toolboxton,https://t.me/hashcashapp,also known as,"corpus channel cards, September 2026"
3866109990,topblast.lol,https://t.me/tonlaunchpad,https://t.me/topblastdotlol,also known as,"corpus channel cards, September 2026"
2949680075,TopGift,https://t.me/topgiftnews,https://t.me/topgift,also known as,"corpus channel cards, September 2026"
1992964528,TractionEye,https://t.me/tractioneye,https://t.me/tonmeetings,also known as,"corpus channel cards, September 2026"
1967795413,Trending Apps,https://t.me/twa_apps,https://t.me/trendingapps,also known as,"corpus channel cards, September 2026"
2299183280,Triggered $DRAGO,https://t.me/triggeredrago,https://t.me/tgtrade,also known as,"corpus channel cards, September 2026"
1387916882,TWITRIS,https://t.me/expert_tm,https://t.me/fuckedkult,also known as,"corpus channel cards, September 2026"
1387916882,TWITRIS,https://t.me/expert_tm,https://t.me/neurosekta,also known as,"corpus channel cards, September 2026"
1387916882,TWITRIS,https://t.me/expert_tm,https://t.me/u6996,also known as,"corpus channel cards, September 2026"
2125901314,TwoGram,https://t.me/twotons,https://t.me/ton_scam,also known as,"corpus channel cards, September 2026"
2125901314,TwoGram,https://t.me/twotons,https://t.me/tonmem,also known as,"corpus channel cards, September 2026"
2167994822,Ultimate Poker,https://t.me/ultimatepoker_io,https://t.me/pokerseries,also known as,"corpus channel cards, September 2026"
2757681519,Username’s,https://t.me/userbazar,https://t.me/ogerent,also known as,"corpus channel cards, September 2026"
2757681519,Username’s,https://t.me/userbazar,https://t.me/ogeuser,also known as,"corpus channel cards, September 2026"
2757681519,Username’s,https://t.me/userbazar,https://t.me/usertig,also known as,"corpus channel cards, September 2026"
2074243809,Utya News - Telegram подарки,https://t.me/giftsutya,https://t.me/utya_news,also known as,"corpus channel cards, September 2026"
2074243809,Utya News - Telegram подарки,https://t.me/giftsutya,https://t.me/utyabro,also known as,"corpus channel cards, September 2026"
2074243809,Utya News - Telegram подарки,https://t.me/giftsutya,https://t.me/utyahold,also known as,"corpus channel cards, September 2026"
2074243809,Utya News - Telegram подарки,https://t.me/giftsutya,https://t.me/utyasay,also known as,"corpus channel cards, September 2026"
2074243809,Utya News - Telegram подарки,https://t.me/giftsutya,https://t.me/utyaz,also known as,"corpus channel cards, September 2026"
2085564896,Utya Portal,https://t.me/utyaduck,https://t.me/utyaofficial,also known as,"corpus channel cards, September 2026"
1008651236,Vibes,https://t.me/vibes,https://t.me/casual,also known as,"corpus channel cards, September 2026"
1008651236,Vibes,https://t.me/vibes,https://t.me/cent,also known as,"corpus channel cards, September 2026"
1008651236,Vibes,https://t.me/vibes,https://t.me/lift,also known as,"corpus channel cards, September 2026"
2008985821,"village""ton",https://t.me/tonuniversenews,https://t.me/artsgenetic,also known as,"corpus channel cards, September 2026"
2008985821,"village""ton",https://t.me/tonuniversenews,https://t.me/chinacollector,also known as,"corpus channel cards, September 2026"
2008985821,"village""ton",https://t.me/tonuniversenews,https://t.me/dnsportal,also known as,"corpus channel cards, September 2026"
2008985821,"village""ton",https://t.me/tonuniversenews,https://t.me/myforge,also known as,"corpus channel cards, September 2026"
2008985821,"village""ton",https://t.me/tonuniversenews,https://t.me/mygiftwallet,also known as,"corpus channel cards, September 2026"
2008985821,"village""ton",https://t.me/tonuniversenews,https://t.me/newsdns,also known as,"corpus channel cards, September 2026"
2008985821,"village""ton",https://t.me/tonuniversenews,https://t.me/redomascot,also known as,"corpus channel cards, September 2026"
2008985821,"village""ton",https://t.me/tonuniversenews,https://t.me/scroogeloot,also known as,"corpus channel cards, September 2026"
2008985821,"village""ton",https://t.me/tonuniversenews,https://t.me/usergifts,also known as,"corpus channel cards, September 2026"
2008985821,"village""ton",https://t.me/tonuniversenews,https://t.me/villageton,also known as,"corpus channel cards, September 2026"
1858663712,VPBET,https://t.me/vpbet_official,https://t.me/vp_bet,also known as,"corpus channel cards, September 2026"
2223695076,Wallet,https://t.me/wallet_news_en,https://t.me/gas_wallet,also known as,"corpus channel cards, September 2026"
2223695076,Wallet,https://t.me/wallet_news_en,https://t.me/wallet_bot_official,also known as,"corpus channel cards, September 2026"
2223695076,Wallet,https://t.me/wallet_news_en,https://t.me/wallet_community,also known as,"corpus channel cards, September 2026"
2223695076,Wallet,https://t.me/wallet_news_en,https://t.me/wallet_official,also known as,"corpus channel cards, September 2026"
1561160095,Web3 Ecosystem TON DeFi,https://t.me/tegro_money,https://t.me/tegrowallet,also known as,"corpus channel cards, September 2026"
1589090105,Web3 экосистема TON DeFi,https://t.me/tegromoney,https://t.me/tegroapp,also known as,"corpus channel cards, September 2026"
1589090105,Web3 экосистема TON DeFi,https://t.me/tegromoney,https://t.me/toncorp,also known as,"corpus channel cards, September 2026"
1589090105,Web3 экосистема TON DeFi,https://t.me/tegromoney,https://t.me/tonextension,also known as,"corpus channel cards, September 2026"
2102396573,Whale Official Alerts,https://t.me/whalesports,https://t.me/whaletv,also known as,"corpus channel cards, September 2026"
3195110302,WinGIFT,https://t.me/wingift_channel,https://t.me/wingift,also known as,"corpus channel cards, September 2026"
2205440365,X Empire,https://t.me/x_empire_holders,https://t.me/notempire,also known as,"corpus channel cards, September 2026"
1532292346,xRocket Drops,https://t.me/ton_rocket_drops,https://t.me/xdrops,also known as,"corpus channel cards, September 2026"
2186378453,Yassir Airdrops,https://t.me/yassirairdrops,https://t.me/nftsfox,also known as,"corpus channel cards, September 2026"
2186378453,Yassir Airdrops,https://t.me/yassirairdrops,https://t.me/okxfund,also known as,"corpus channel cards, September 2026"
3662438623,YMTG Domains,https://t.me/vipweb3,https://t.me/goldgenie,also known as,"corpus channel cards, September 2026"
2073843052,YO vs Smash,https://t.me/yovssmash,https://t.me/smash,also known as,"corpus channel cards, September 2026"
1675503659,YourUser,https://t.me/youruser,https://t.me/fragment10,also known as,"corpus channel cards, September 2026"
1675503659,YourUser,https://t.me/youruser,https://t.me/user_collection,also known as,"corpus channel cards, September 2026"
1675503659,YourUser,https://t.me/youruser,https://t.me/username12,also known as,"corpus channel cards, September 2026"
2852338596,Астрономия TON,https://t.me/astronomy_ton,https://t.me/tonastronomic,also known as,"corpus channel cards, September 2026"
1509844069,База Telegram Ads,https://t.me/vbaze,https://t.me/bazatgads,also known as,"corpus channel cards, September 2026"
1509844069,База Telegram Ads,https://t.me/vbaze,https://t.me/digitalzavod1,also known as,"corpus channel cards, September 2026"
1509844069,База Telegram Ads,https://t.me/vbaze,https://t.me/metodpetrova,also known as,"corpus channel cards, September 2026"
1509844069,База Telegram Ads,https://t.me/vbaze,https://t.me/people_twitter,also known as,"corpus channel cards, September 2026"
1509844069,База Telegram Ads,https://t.me/vbaze,https://t.me/retrogradniymarketing,also known as,"corpus channel cards, September 2026"
1509844069,База Telegram Ads,https://t.me/vbaze,https://t.me/vbazesu,also known as,"corpus channel cards, September 2026"
4432396031,бензин,https://t.me/benzin,https://t.me/mishki,also known as,"corpus channel cards, September 2026"
4432396031,бензин,https://t.me/benzin,https://t.me/tuborosho,also known as,"corpus channel cards, September 2026"
1854450541,Болтовский,https://t.me/george_boltovsky,https://t.me/boltgod,also known as,"corpus channel cards, September 2026"
1806701409,Деталька,https://t.me/deta1ka,https://t.me/detalka,also known as,"corpus channel cards, September 2026"
2263414529,Дневник Домейнера .ton,https://t.me/mydiary,https://t.me/ton_dns,also known as,"corpus channel cards, September 2026"
1752398797,Крипта Скруджа,https://t.me/crypta,https://t.me/combo8,also known as,"corpus channel cards, September 2026"
1752398797,Крипта Скруджа,https://t.me/crypta,https://t.me/crypta_igry,also known as,"corpus channel cards, September 2026"
1752398797,Крипта Скруджа,https://t.me/crypta,https://t.me/memefi_1,also known as,"corpus channel cards, September 2026"
1752398797,Крипта Скруджа,https://t.me/crypta,https://t.me/notcoines,also known as,"corpus channel cards, September 2026"
2521150864,криптанчик,https://t.me/soldould,https://t.me/durovs_hand,also known as,"corpus channel cards, September 2026"
2126059547,Криптоигры Игры на TON,https://t.me/tinytongaming,https://t.me/cryptogaming,also known as,"corpus channel cards, September 2026"
2551526136,Лавка Дурова,https://t.me/lavkadurova,https://t.me/omedo,also known as,"corpus channel cards, September 2026"
2551526136,Лавка Дурова,https://t.me/lavkadurova,https://t.me/otcgiftchat,also known as,"corpus channel cards, September 2026"
1167942874,МАРКЕТ СКРУДЖА,https://t.me/gift_podarki,https://t.me/pepes_gold,also known as,"corpus channel cards, September 2026"
2698429853,Матрас ТОН,https://t.me/matras_ton,https://t.me/naebgoiev,also known as,"corpus channel cards, September 2026"
1941950023,Мысли о TON,https://t.me/ton_raketa777,https://t.me/tonraketa,also known as,"corpus channel cards, September 2026"
2007437775,Одноглазые Новости,https://t.me/bobrfromton,https://t.me/shavethem,also known as,"corpus channel cards, September 2026"
1277862355,Пашин TON! ️️,https://t.me/the_cryptoton,https://t.me/pashin_ton,also known as,"corpus channel cards, September 2026"
1277862355,Пашин TON! ️️,https://t.me/the_cryptoton,https://t.me/zkpprotocol,also known as,"corpus channel cards, September 2026"
3777668171,Подарки,https://t.me/gifts_nftishki,https://t.me/clubpepe,also known as,"corpus channel cards, September 2026"
2256834107,Проект,https://t.me/projectx_nft,https://t.me/project_x,also known as,"corpus channel cards, September 2026"
2256834107,Проект,https://t.me/projectx_nft,https://t.me/project_xx,also known as,"corpus channel cards, September 2026"
2256834107,Проект,https://t.me/projectx_nft,https://t.me/projectx1,also known as,"corpus channel cards, September 2026"
2256834107,Проект,https://t.me/projectx_nft,https://t.me/projectx2,also known as,"corpus channel cards, September 2026"
2256834107,Проект,https://t.me/projectx_nft,https://t.me/projectxgift,also known as,"corpus channel cards, September 2026"
2256834107,Проект,https://t.me/projectx_nft,https://t.me/projectxteam,also known as,"corpus channel cards, September 2026"
2256834107,Проект,https://t.me/projectx_nft,https://t.me/projectxvip,also known as,"corpus channel cards, September 2026"
2256834107,Проект,https://t.me/projectx_nft,https://t.me/projectxx,also known as,"corpus channel cards, September 2026"
1831773262,Реальная доходность пулов,https://t.me/poolproof,https://t.me/antpoolcom,also known as,"corpus channel cards, September 2026"
1831773262,Реальная доходность пулов,https://t.me/poolproof,https://t.me/antpoolru,also known as,"corpus channel cards, September 2026"
1831773262,Реальная доходность пулов,https://t.me/poolproof,https://t.me/f2poolru,also known as,"corpus channel cards, September 2026"
1831773262,Реальная доходность пулов,https://t.me/poolproof,https://t.me/luxorpool,also known as,"corpus channel cards, September 2026"
1831773262,Реальная доходность пулов,https://t.me/poolproof,https://t.me/luxortech,also known as,"corpus channel cards, September 2026"
1831773262,Реальная доходность пулов,https://t.me/poolproof,https://t.me/poolincom,also known as,"corpus channel cards, September 2026"
1831773262,Реальная доходность пулов,https://t.me/poolproof,https://t.me/viabtcnet,also known as,"corpus channel cards, September 2026"
1831773262,Реальная доходность пулов,https://t.me/poolproof,https://t.me/viabtcru,also known as,"corpus channel cards, September 2026"
1281641275,Реклама NFT в Telegram,https://t.me/frontnft,https://t.me/telebitva,also known as,"corpus channel cards, September 2026"
1281641275,Реклама NFT в Telegram,https://t.me/frontnft,https://t.me/toncoinfi,also known as,"corpus channel cards, September 2026"
1281641275,Реклама NFT в Telegram,https://t.me/frontnft,https://t.me/tonsummer,also known as,"corpus channel cards, September 2026"
1479684700,рост будет бесконечный,https://t.me/grambase,https://t.me/dailyton,also known as,"corpus channel cards, September 2026"
1479684700,рост будет бесконечный,https://t.me/grambase,https://t.me/tonbase,also known as,"corpus channel cards, September 2026"
2245365797,Тапалки | TON Games,https://t.me/libermallkz,https://t.me/tapgameston,also known as,"corpus channel cards, September 2026"
1110100099,"Федоров, ты задолбал",https://t.me/pashtozavr,https://t.me/fedorov_media,also known as,"corpus channel cards, September 2026"
1110100099,"Федоров, ты задолбал",https://t.me/pashtozavr,https://t.me/fedorovmedia,also known as,"corpus channel cards, September 2026"
1110100099,"Федоров, ты задолбал",https://t.me/pashtozavr,https://t.me/redaktozavr,also known as,"corpus channel cards, September 2026"
2205303902,Хаси | NFT новости,https://t.me/hasi_nft,https://t.me/hasi_win,also known as,"corpus channel cards, September 2026"
2263127272,ЧЕСНОК,https://t.me/tonchesnok,https://t.me/chesnok,also known as,"corpus channel cards, September 2026"
2773536837,я cissy,https://t.me/narcissus,https://t.me/candylove,also known as,"corpus channel cards, September 2026"
2773536837,я cissy,https://t.me/narcissus,https://t.me/leolulu,also known as,"corpus channel cards, September 2026"
2773536837,я cissy,https://t.me/narcissus,https://t.me/sisirose,also known as,"corpus channel cards, September 2026"
2141534753,اخبار گیفت | عمو ایردراپ,https://t.me/amoairdrop,https://t.me/teleamoz,also known as,"corpus channel cards, September 2026"
1884670444,✧ V Gift,https://t.me/vgift,https://t.me/niceseen,also known as,"corpus channel cards, September 2026"
1884670444,✧ V Gift,https://t.me/vgift,https://t.me/pay88y,also known as,"corpus channel cards, September 2026"
1884670444,✧ V Gift,https://t.me/vgift,https://t.me/pqpqqp,also known as,"corpus channel cards, September 2026"
1884670444,✧ V Gift,https://t.me/vgift,https://t.me/v55g5,also known as,"corpus channel cards, September 2026"
1844743261,用户名NFT,https://t.me/nft899,https://t.me/ddddeeee,also known as,"corpus channel cards, September 2026"
1844743261,用户名NFT,https://t.me/nft899,https://t.me/lllvip,also known as,"corpus channel cards, September 2026"
1844743261,用户名NFT,https://t.me/nft899,https://t.me/pk9999,also known as,"corpus channel cards, September 2026"
1844743261,用户名NFT,https://t.me/nft899,https://t.me/vipeh,also known as,"corpus channel cards, September 2026"
3289228107,花开花开 @HKHK,https://t.me/hkfg,https://t.me/hkhk,also known as,"corpus channel cards, September 2026"
3771519548,𝗥𝗲𝘃𝗶𝗲𝘄𝘀,https://t.me/mrpepe_ton,https://t.me/spatheful,also known as,"corpus channel cards, September 2026"
1257492707,Genopets,https://t.me/genopets,https://t.me/genopetsannouncements,name taken,"corpus channel cards, September 2026"
2007104147,Nobby Game,https://t.me/nobbyofficial,https://t.me/nobbygameru,name taken,"corpus channel cards, September 2026"
2523099336,S1dr | NFT подарки,https://t.me/s1drgifts,https://t.me/giftferma,name taken,"corpus channel cards, September 2026"
5141396648,STON.fi,https://t.me/ston_fi,https://t.me/stonfi_bot,name taken,"similar lists, June 2026"
1977696596,TON Cabal,https://t.me/cooks,https://t.me/strat,name taken,"corpus channel cards, September 2026"
1840637546,TON Fragment,https://t.me/tonfragment,https://t.me/numbers_ton,name taken,"corpus channel cards, September 2026"
1383256834,TON.ton,https://t.me/tikitons,https://t.me/stickrs,name taken,"corpus channel cards, September 2026"
2757681519,Username’s,https://t.me/userbazar,https://t.me/abhya,name taken,"corpus channel cards, September 2026"
1844743261,用户名NFT,https://t.me/nft899,https://t.me/jjuuuu,name taken,"corpus channel cards, September 2026"
3314293570,FABERGE | CLUB,https://t.me/clubfaberge,https://t.me/faberge_strategy,renamed,"corpus channel cards, September 2026"
3314293570,FABERGE | CLUB,https://t.me/clubfaberge,https://t.me/fabergestrategy,renamed,"corpus channel cards, September 2026"
3314293570,FABERGE | CLUB,https://t.me/clubfaberge,https://t.me/fabergy,renamed,"corpus channel cards, September 2026"
3314293570,FABERGE | CLUB,https://t.me/clubfaberge,https://t.me/jewellerymrkt,renamed,"corpus channel cards, September 2026"
3314293570,FABERGE | CLUB,https://t.me/clubfaberge,https://t.me/jewelrymrkt,renamed,"corpus channel cards, September 2026"
